Div,Date,Time,HomeTeam,AwayTeam,FTHG,FTAG,FTR,HTHG,HTAG,HTR,HS,AS,HST,AST,HF,AF,HC,AC,HY,AY,HR,AR,B365H,B365D,B365A,BWH,BWD,BWA,IWH,IWD,IWA,PSH,PSD,PSA,WHH,WHD,WHA,VCH,VCD,VCA,MaxH,MaxD,MaxA,AvgH,AvgD,AvgA,B365OVER,B365UNDER,POVER,PUNDER,MaxOVER,MaxUNDER,AvgOVER,AvgUNDER,AHh,B365AHH,B365AHA,PAHH,PAHA,MaxAHH,MaxAHA,AvgAHH,AvgAHA,B365CH,B365CD,B365CA,BWCH,BWCD,BWCA,IWCH,IWCD,IWCA,PSCH,PSCD,PSCA,WHCH,WHCD,WHCA,VCCH,VCCD,VCCA,MaxCH,MaxCD,MaxCA,AvgCH,AvgCD,AvgCA,B365COVER,B365CUNDER,PCOVER,PCUNDER,MaxCOVER,MaxCUNDER,AvgCOVER,AvgCUNDER,AHCh,B365CAHH,B365CAHA,PCAHH,PCAHA,MaxCAHH,MaxCAHA,AvgCAHH,AvgCAHA
B1,26/07/2019,19:30,Genk,Kortrijk,2,1,H,0,1,A,10,8,2,4,7,22,6,2,0,1,0,0,1.36,4.75,8.5,1.4,5,8,1.37,4.8,6.9,1.4,5.22,7.44,1.36,4.8,8,1.36,5,8,1.41,5.25,8.5,1.38,4.94,7.42,1.53,2.4,1.52,2.64,1.55,2.64,1.51,2.48,-1.5,2.07,1.72,2.04,1.85,2.12,1.85,2.05,1.79,1.45,4.75,6.5,1.4,5,8,1.45,4.6,5.9,1.45,4.94,6.79,1.42,4.75,6.5,1.45,4.8,6.5,1.47,5,8,1.43,4.8,6.51,1.5,2.5,1.52,2.64,1.53,2.65,1.49,2.53,-1.25,1.98,1.88,2.01,1.88,2.05,1.96,1.96,1.87
B1,27/07/2019,17:00,Cercle Brugge,Standard,0,2,A,0,0,D,13,14,5,9,16,15,3,7,2,2,1,0,3.75,3.75,1.85,3.8,3.75,1.95,3.7,3.6,1.87,3.91,3.63,1.99,3.7,3.6,1.91,3.75,3.7,1.93,4.1,3.8,1.99,3.72,3.59,1.93,1.75,2.05,1.81,2.05,1.82,2.17,1.74,2.06,0.5,1.93,1.93,1.9,1.98,1.96,1.98,1.9,1.93,3.75,3.8,1.85,4,3.75,1.91,3.55,3.65,1.9,3.79,3.74,1.99,3.75,3.7,1.88,3.6,3.9,1.95,4.1,3.95,2.01,3.71,3.7,1.92,1.61,2.25,1.66,2.3,1.69,2.32,1.63,2.24,0.5,1.88,1.98,1.91,1.99,1.95,2.02,1.89,1.94
B1,27/07/2019,19:00,St Truiden,Mouscron,0,1,A,0,1,A,10,10,4,6,10,21,5,5,2,4,0,0,1.9,3.75,3.75,1.95,3.5,4.1,1.93,3.45,3.65,1.99,3.52,4.04,1.91,3.6,3.75,1.93,3.6,3.8,2.01,3.75,4.1,1.95,3.49,3.77,1.8,2,1.88,1.98,1.88,2.07,1.82,1.98,-0.5,1.98,1.88,1.98,1.9,2.02,1.94,1.95,1.88,2,3.5,3.6,2.05,3.6,3.6,2.05,3.5,3.25,2.16,3.55,3.46,2.1,3.5,3.3,2.1,3.6,3.4,2.16,3.7,3.62,2.08,3.5,3.39,1.7,2.1,1.74,2.16,1.78,2.19,1.72,2.1,-0.25,1.83,2.02,1.87,2.03,1.88,2.07,1.83,2.02
B1,27/07/2019,19:00,Waregem,Mechelen,0,2,A,0,1,A,7,10,2,5,14,21,4,2,3,1,0,0,2.15,3.6,3.1,2.2,3.75,3.1,2.15,3.5,3,2.23,3.76,3.12,2.2,3.5,3,2.2,3.6,3.1,2.37,3.76,3.15,2.2,3.58,3.03,1.66,2.15,1.65,2.29,1.69,2.29,1.65,2.19,-0.25,1.93,1.93,1.95,1.93,1.97,1.96,1.92,1.91,2.8,3.4,2.5,2.7,3.6,2.55,2.65,3.5,2.4,2.8,3.59,2.51,2.62,3.5,2.45,2.75,3.7,2.4,2.8,3.7,2.61,2.66,3.53,2.48,1.6,2.3,1.6,2.42,1.67,2.42,1.61,2.28,0.25,1.72,2.07,1.75,2.17,1.8,2.28,1.72,2.15
B1,27/07/2019,19:30,Waasland-Beveren,Club Brugge,1,3,A,1,1,D,7,25,2,22,18,12,1,14,3,1,0,0,6.5,4,1.5,6,4.5,1.53,5.3,4.3,1.5,5.52,4.59,1.56,5.5,4.33,1.52,5.75,4.5,1.5,6.5,4.6,1.59,5.53,4.36,1.53,1.57,2.35,1.55,2.5,1.58,2.5,1.55,2.38,1,1.98,1.88,1.96,1.93,2.04,1.94,1.96,1.87,12,5.75,1.25,10,6,1.3,9.2,5.7,1.26,8.99,6.52,1.29,10,6,1.24,12,6,1.25,12,6.55,1.33,9.44,5.89,1.27,1.44,2.7,1.42,2.97,1.5,2.98,1.43,2.73,1.5,2.2,1.7,2.19,1.74,2.25,1.83,2.11,1.74
B1,28/07/2019,13:30,Anderlecht,Oostende,1,2,A,1,1,D,15,8,6,6,12,17,5,2,1,3,0,0,1.36,4.5,9,1.36,5,9.25,1.37,4.75,7.2,1.36,5.09,8.96,1.35,4.75,8.5,1.36,5,8,1.4,5.1,9.25,1.36,4.82,8.02,1.6,2.3,1.63,2.34,1.65,2.38,1.6,2.29,-1.25,1.85,2,1.91,1.97,1.91,2.07,1.85,1.99,1.4,4.75,7,1.4,5,7.75,1.41,4.65,6.4,1.41,4.88,7.96,1.38,4.6,8,1.4,4.8,7.5,1.45,5,8,1.4,4.74,7.15,1.57,2.35,1.57,2.49,1.6,2.51,1.57,2.35,-1.25,1.93,1.93,1.95,1.95,1.98,1.96,1.92,1.92
B1,28/07/2019,17:00,Charleroi,Gent,1,1,D,0,0,D,7,5,4,4,20,21,5,6,0,2,0,0,3.1,3.25,2.3,3,3.5,2.35,2.95,3.35,2.25,3.03,3.55,2.36,2.9,3.4,2.3,2.9,3.5,2.3,3.1,3.55,2.4,2.94,3.38,2.31,1.8,2,1.87,2,1.88,2.04,1.82,1.96,0.25,1.83,2.02,1.84,2.04,1.86,2.08,1.82,2.02,3.1,3.3,2.25,2.9,3.6,2.4,2.85,3.45,2.3,2.92,3.66,2.38,2.88,3.5,2.3,2.9,3.6,2.38,3.1,3.66,2.49,2.86,3.51,2.34,1.66,2.15,1.71,2.21,1.75,2.25,1.69,2.15,0.25,1.83,2.02,1.83,2.07,1.86,2.08,1.81,2.03
B1,28/07/2019,19:00,Eupen,Antwerp,1,4,A,1,1,D,12,14,3,8,18,10,3,10,1,2,0,0,3.8,3.3,1.95,3.8,3.6,2,3.5,3.45,1.97,3.74,3.69,2.02,3.5,3.5,2,3.6,3.6,2,3.8,3.69,2.13,3.55,3.51,2.01,1.8,2,1.82,2.04,1.86,2.07,1.8,1.99,0.25,2.1,1.7,2.17,1.74,2.19,1.8,2.12,1.74,3.5,3.25,2.1,3.6,3.6,2.05,3.2,3.35,2.15,3.48,3.41,2.2,3.3,3.4,2.1,3.3,3.5,2.15,3.7,3.6,2.2,3.35,3.4,2.13,1.85,1.95,1.93,1.95,1.93,2.01,1.84,1.94,0.25,1.98,1.88,2,1.9,2.03,1.93,1.97,1.86
B1,02/08/2019,19:30,Club Brugge,St Truiden,6,0,H,4,0,H,16,4,10,2,19,12,6,2,1,3,1,0,1.25,5.5,12,1.26,6.25,11,1.25,5.6,9.9,1.25,6.39,11.45,1.22,5.8,12,1.22,6,12,1.26,6.5,12,1.24,6.04,10.99,1.44,2.7,1.47,2.78,1.48,2.79,1.45,2.66,-1.75,1.9,1.95,1.93,1.97,1.97,1.98,1.9,1.94,1.2,7,12,1.22,7,13,1.25,5.6,9.9,1.21,7.03,14.05,1.18,7,13,1.18,7,15,1.25,7.8,15,1.2,6.76,12.07,1.3,3.5,1.33,3.44,1.45,3.5,1.32,3.24,-2,1.9,1.95,1.89,2.01,2.15,2.05,1.91,1.93
B1,03/08/2019,17:00,Standard,Waregem,4,0,H,2,0,H,16,3,7,1,19,18,4,2,0,2,0,1,1.53,4.33,5.5,1.5,4.6,6.25,1.47,4.45,5.6,1.49,4.89,6.07,1.47,4.6,5.8,1.45,4.6,6.25,1.54,4.89,6.25,1.49,4.53,5.8,1.53,2.4,1.51,2.61,1.55,2.61,1.51,2.46,-1,1.9,1.95,1.79,2.1,1.9,2.14,1.79,2.05,1.33,5.25,8,1.4,5.25,7.25,1.36,5.2,6.6,1.4,5.63,6.8,1.35,5.25,7,1.36,5.4,7.5,1.4,5.63,8,1.37,5.27,6.99,1.36,3.1,1.37,3.19,1.42,3.25,1.36,3.01,-1.5,1.95,1.9,1.98,1.92,2.03,1.95,1.96,1.87
B1,03/08/2019,19:00,Kortrijk,Charleroi,1,1,D,0,1,A,7,11,4,6,21,18,10,3,1,2,0,0,2.3,3.4,3,2.4,3.5,2.95,2.3,3.35,2.9,2.33,3.61,3.04,2.25,3.5,3,2.3,3.4,3,2.44,3.61,3.05,2.3,3.43,2.95,1.8,2,1.83,2.03,1.85,2.11,1.79,2.01,-0.25,2.02,1.83,2.02,1.86,2.08,1.9,2.01,1.83,2.3,3.4,3,2.35,3.4,3.1,2.3,3.25,3,2.39,3.45,3.06,2.3,3.3,3,2.38,3.4,3,2.44,3.52,3.15,2.33,3.34,3,2,1.8,2.06,1.83,2.11,1.88,1.98,1.82,-0.25,2.02,1.83,2.06,1.83,2.06,1.88,2.02,1.83
B1,03/08/2019,19:00,Oostende,Cercle Brugge,3,1,H,2,1,H,11,9,7,4,9,18,3,2,0,2,0,1,2.15,3.5,3.2,2.2,3.6,3.2,2.2,3.5,2.95,2.3,3.75,3,2.2,3.5,3,2.2,3.6,3.1,2.3,3.75,3.27,2.21,3.56,3.01,1.7,2.1,1.69,2.22,1.73,2.23,1.68,2.15,-0.25,1.95,1.9,2.01,1.88,2.01,1.96,1.95,1.89,2.15,3.5,3.2,2.25,3.7,3.05,2.2,3.5,2.95,2.25,3.78,3.07,2.15,3.7,3,2.2,3.7,3.1,2.28,3.78,3.2,2.21,3.61,3.01,1.65,2.2,1.66,2.3,1.71,2.3,1.66,2.2,-0.25,1.95,1.9,1.97,1.93,2,1.97,1.94,1.9
B1,03/08/2019,19:30,Mechelen,Genk,3,1,H,1,1,D,11,9,5,5,14,13,5,4,1,0,0,0,4.33,3.4,1.85,4.33,3.8,1.83,4.05,3.65,1.8,4.25,3.82,1.86,4,3.7,1.8,4.1,3.75,1.83,4.33,3.85,1.88,4.06,3.68,1.83,1.75,2.05,1.8,2.07,1.81,2.16,1.76,2.05,0.5,2,1.85,2.03,1.85,2.05,1.88,2.01,1.82,4.2,3.4,1.9,4,3.75,1.91,3.65,3.55,1.9,3.9,3.61,2,3.7,3.6,1.91,3.6,3.7,2,4.2,3.75,2.02,3.72,3.59,1.94,1.72,2.07,1.77,2.12,1.8,2.19,1.73,2.09,0.5,1.9,1.95,1.9,2,1.94,2.03,1.87,1.95
B1,04/08/2019,13:30,Gent,Eupen,6,1,H,4,0,H,18,8,11,5,13,13,6,2,0,2,0,0,1.4,4.75,7,1.45,4.6,7.25,1.37,4.8,7,1.39,5.2,7.84,1.36,5,7.5,1.36,5,8,1.46,5.2,8,1.38,4.84,7.32,1.57,2.35,1.54,2.53,1.59,2.53,1.55,2.39,-1.5,2.02,1.77,2.07,1.81,2.14,1.84,2.06,1.77,1.28,5.5,11,1.28,6,10.5,1.26,5.6,9.1,1.3,5.84,9.96,1.25,5.5,11,1.29,5.75,11,1.32,6,11,1.28,5.69,9.63,1.44,2.7,1.49,2.71,1.49,2.76,1.45,2.65,-1.5,1.77,2.02,1.83,2.08,1.83,2.11,1.79,2.05
B1,04/08/2019,17:00,Mouscron,Anderlecht,0,0,D,0,0,D,7,9,2,3,15,18,4,4,2,4,0,0,3.4,3.5,2.05,3.6,3.5,2.1,3.3,3.45,2.05,3.53,3.44,2.17,3.4,3.5,2.05,3.4,3.5,2.1,3.7,3.64,2.18,3.35,3.44,2.1,1.72,2.07,1.78,2.09,1.82,2.1,1.75,2.05,0.25,2.02,1.83,2,1.88,2.07,1.88,2,1.84,3.1,3.5,2.2,3.1,3.6,2.25,2.95,3.5,2.2,3.12,3.65,2.27,3,3.5,2.2,3.13,3.5,2.25,3.3,3.68,2.3,3.04,3.51,2.22,1.7,2.1,1.74,2.17,1.76,2.26,1.68,2.14,0.25,1.9,1.95,1.92,1.98,1.95,1.99,1.89,1.95
B1,04/08/2019,19:00,Antwerp,Waasland-Beveren,4,1,H,2,1,H,15,10,11,6,20,11,6,4,0,2,0,0,1.33,5,9,1.4,5,8.25,1.33,4.9,8,1.35,5.5,8.35,1.32,5.25,8.5,1.33,5,9,1.4,5.5,9,1.34,5.02,8.17,1.65,2.2,1.61,2.38,1.65,2.39,1.61,2.26,-1.5,2,1.8,2.01,1.88,2.06,1.89,2.01,1.83,1.28,5,12,1.28,6.25,10.5,1.27,5.4,9.1,1.29,6.04,9.77,1.25,5.8,10,1.29,5.75,11,1.3,6.25,12,1.27,5.73,9.79,1.53,2.4,1.53,2.59,1.55,2.63,1.52,2.48,-1.5,1.8,2.05,1.85,2.05,1.87,2.09,1.81,2.03
B1,09/08/2019,19:30,Anderlecht,Mechelen,0,0,D,0,0,D,12,1,4,0,12,11,8,1,0,2,0,1,1.75,4.2,4,1.83,3.75,3.9,1.77,3.8,3.95,1.82,3.88,4.36,1.75,3.8,4.2,1.75,4,4.2,1.86,4.2,4.36,1.79,3.81,4.07,1.6,2.3,1.58,2.43,1.62,2.43,1.58,2.31,-0.75,1.98,1.88,2.04,1.84,2.04,1.94,2,1.84,1.95,4.2,3.2,1.95,3.8,3.75,1.93,3.6,3.55,1.99,3.84,3.71,1.91,3.7,3.6,1.93,3.8,3.7,2.02,4.2,3.8,1.94,3.71,3.6,1.65,2.2,1.67,2.29,1.7,2.29,1.65,2.19,-0.5,1.95,1.9,1.99,1.91,2.01,1.94,1.94,1.89
B1,10/08/2019,17:00,Oostende,Club Brugge,0,2,A,0,0,D,8,10,4,8,11,17,3,6,0,0,0,0,7,4.2,1.45,6,4.6,1.45,5.9,4.6,1.45,6.47,5.01,1.46,6,4.75,1.44,6.25,4.75,1.45,7,5.01,1.51,6.11,4.65,1.45,1.5,2.5,1.51,2.62,1.52,2.63,1.49,2.54,1.25,1.85,2,1.9,1.98,1.9,2.05,1.85,1.98,9.5,5.25,1.3,7.25,5.25,1.4,6.8,5.2,1.35,7.08,5.81,1.37,8.5,5.5,1.3,9,5.5,1.33,9.5,5.81,1.42,7.44,5.33,1.35,1.4,2.87,1.44,2.89,1.47,3,1.4,2.81,1.5,1.95,1.9,1.95,1.95,1.99,2.14,1.9,1.93
B1,10/08/2019,19:00,Cercle Brugge,Kortrijk,1,3,A,1,0,H,13,11,6,9,17,18,2,3,1,1,0,0,2.5,3.5,2.62,2.5,3.5,2.6,2.45,3.5,2.55,2.59,3.74,2.62,2.5,3.6,2.55,2.55,3.6,2.55,2.63,3.74,2.7,2.52,3.52,2.59,1.61,2.25,1.65,2.29,1.67,2.34,1.61,2.27,0,1.9,1.95,1.93,1.95,1.95,2.01,1.9,1.95,2.8,3.5,2.37,2.75,3.7,2.45,2.7,3.55,2.35,2.82,3.72,2.43,2.7,3.6,2.38,2.8,3.6,2.4,2.91,3.72,2.48,2.75,3.56,2.39,1.61,2.25,1.65,2.32,1.7,2.34,1.61,2.26,0.25,1.72,2.07,1.79,2.12,1.81,2.14,1.76,2.08
B1,10/08/2019,19:00,Eupen,Waasland-Beveren,1,1,D,0,1,A,4,7,1,4,17,20,4,7,2,1,0,0,1.83,3.6,4.2,1.8,3.8,4,1.85,3.7,3.7,1.9,3.77,4.11,1.85,3.6,3.9,1.9,3.8,3.75,1.92,3.86,4.2,1.87,3.69,3.85,1.6,2.3,1.62,2.36,1.62,2.38,1.58,2.31,-0.5,1.88,1.98,1.89,1.99,1.93,2.02,1.87,1.95,1.83,3.75,4.2,1.91,3.9,3.8,1.87,3.8,3.55,1.92,3.97,3.85,1.85,3.8,3.7,1.93,3.9,3.6,1.95,4,4.2,1.89,3.83,3.69,1.5,2.5,1.49,2.71,1.57,2.71,1.5,2.52,-0.5,1.9,1.95,1.92,1.98,1.95,1.99,1.89,1.94
B1,10/08/2019,19:30,Genk,Waregem,0,2,A,0,1,A,10,8,3,7,16,20,3,2,1,2,0,0,1.22,6,13,1.22,6.25,11.5,1.23,6.1,9.8,1.25,6.69,11.03,1.24,6,11,1.22,6.25,12,1.26,7,13,1.23,6.29,10.57,1.36,3.1,1.33,3.39,1.38,3.39,1.34,3.12,-2,2,1.8,2.09,1.8,2.12,1.84,2.05,1.78,1.16,7.5,13,1.2,7.5,14,1.18,6.8,12,1.19,7.33,15,1.15,7,17,1.17,7.5,17,1.21,7.6,17,1.18,7.19,13.26,1.33,3.4,1.32,3.53,1.33,3.55,1.31,3.32,-2,1.85,2,1.84,2.06,1.89,2.08,1.82,2.01
B1,11/08/2019,13:30,St Truiden,Standard,2,1,H,2,0,H,6,25,5,9,16,16,0,5,4,4,0,1,4.33,3.8,1.72,4.33,3.9,1.72,4.15,3.85,1.73,4.41,4.12,1.76,4.33,3.9,1.73,4.5,3.9,1.73,4.5,4.12,1.78,4.25,3.88,1.74,1.65,2.2,1.65,2.29,1.68,2.31,1.63,2.23,0.75,1.9,1.95,1.91,1.97,1.95,2.01,1.89,1.94,4,4,1.8,3.9,4,1.87,3.5,3.9,1.87,3.73,3.96,1.95,3.6,3.8,1.88,3.6,4.1,1.9,4.33,4.1,1.99,3.67,3.92,1.88,1.44,2.7,1.47,2.81,1.53,2.81,1.45,2.64,0.5,1.93,1.93,1.95,1.95,2.05,2,1.93,1.9
B1,11/08/2019,17:00,Charleroi,Antwerp,2,1,H,0,0,D,10,6,4,2,8,20,5,4,0,1,0,0,2.55,3.4,2.62,2.5,3.3,2.7,2.55,3.25,2.65,2.64,3.42,2.75,2.55,3.3,2.7,2.55,3.4,2.7,2.65,3.42,2.75,2.56,3.3,2.66,1.95,1.85,2,1.87,2.01,1.93,1.94,1.85,0,1.88,1.98,1.9,1.98,1.92,2.02,1.89,1.96,2.4,3.4,2.87,2.35,3.4,3.1,2.3,3.25,2.95,2.4,3.47,3.03,2.35,3.3,2.9,2.38,3.4,3,2.44,3.47,3.1,2.35,3.34,2.96,2,1.8,1.97,1.91,2.05,1.91,1.95,1.84,-0.25,2.05,1.8,2.08,1.83,2.12,1.89,2.05,1.8
B1,11/08/2019,19:00,Mouscron,Gent,2,1,H,2,1,H,6,11,2,4,15,15,2,7,0,1,0,0,3.5,3.75,2,3.4,3.75,1.95,3.4,3.6,1.97,3.58,3.71,2.06,3.4,3.6,2,3.5,3.7,2,3.6,3.8,2.06,3.41,3.62,2,1.65,2.2,1.66,2.28,1.68,2.31,1.63,2.22,0.5,1.83,2.02,1.83,2.05,1.87,2.08,1.83,2.01,3.75,3.6,1.9,3.5,3.7,2.05,3.55,3.65,1.9,3.85,4,1.91,3.6,3.7,1.91,3.75,3.8,1.93,3.9,4,2.05,3.59,3.71,1.94,1.61,2.25,1.63,2.36,1.68,2.36,1.62,2.26,0.5,1.95,1.9,1.99,1.91,2,1.99,1.91,1.92
B1,16/08/2019,19:30,Club Brugge,Eupen,0,0,D,0,0,D,11,7,1,3,12,19,7,3,3,4,0,0,1.14,8,11,1.2,7.5,13.5,1.21,6.5,10.5,1.19,7.73,13.81,1.18,7,12,1.18,7.5,12,1.23,8,14,1.19,7.14,12.24,1.3,3.5,1.34,3.37,1.34,3.6,1.3,3.37,-2,1.9,1.95,1.91,1.99,1.95,2.02,1.88,1.95,1.14,8,11,1.18,8,15,1.2,6.8,11,1.19,8.39,12.49,1.15,7.5,15,1.18,7.5,15,1.21,8.5,16.5,1.17,7.56,13.12,1.33,3.4,1.34,3.37,1.34,3.65,1.3,3.35,-2,1.85,2,1.85,2.05,1.9,2.17,1.82,2.01
B1,17/08/2019,17:00,Kortrijk,Anderlecht,4,2,H,0,1,A,8,9,5,5,15,21,1,3,1,1,0,0,3,3.5,2.1,3,3.7,2.3,2.8,3.45,2.3,2.89,3.74,2.37,2.8,3.5,2.35,2.8,3.5,2.4,3,3.74,2.42,2.87,3.51,2.32,1.7,2.1,1.72,2.16,1.75,2.2,1.69,2.13,0.25,1.8,2.05,1.82,2.06,1.85,2.13,1.8,2.04,3.6,3.6,1.9,3.5,3.7,2.05,3.45,3.6,1.95,3.54,3.76,2.06,3.4,3.6,2,3.6,3.8,1.95,3.65,3.92,2.1,3.45,3.7,2,1.65,2.2,1.72,2.2,1.75,2.24,1.67,2.16,0.5,1.88,1.98,1.84,2.06,1.93,2.06,1.85,1.98
B1,17/08/2019,19:00,Mechelen,Cercle Brugge,3,1,H,0,1,A,7,3,4,2,8,22,5,3,0,4,0,0,1.4,4.33,9,1.42,5,7.25,1.41,4.5,6.7,1.41,4.94,7.58,1.4,4.6,7.5,1.4,4.6,8,1.45,5,9,1.41,4.65,7.08,1.65,2.2,1.65,2.29,1.68,2.31,1.64,2.22,-1.25,1.95,1.9,1.94,1.94,2.01,1.97,1.93,1.9,1.4,4.33,9.5,1.45,4.75,7,1.4,4.6,6.7,1.44,4.7,7.56,1.38,4.6,8,1.4,4.8,7.5,1.45,4.9,9.5,1.41,4.65,7.15,1.6,2.3,1.62,2.38,1.66,2.38,1.61,2.28,-1.25,1.93,1.93,1.97,1.93,1.99,1.96,1.93,1.9
B1,17/08/2019,19:30,Waasland-Beveren,Genk,0,4,A,0,1,A,7,16,2,5,14,4,3,3,2,0,0,0,6.5,4.75,1.36,6.5,5.25,1.44,6.3,4.8,1.4,6.26,5.33,1.44,6.5,5,1.4,7,5,1.4,7.5,5.33,1.44,6.55,4.95,1.4,1.5,2.5,1.51,2.63,1.53,2.63,1.5,2.52,1.25,1.98,1.88,1.96,1.93,2.03,1.94,1.96,1.87,6.5,4.5,1.4,6.5,5.25,1.44,5.7,4.6,1.45,6.17,5.05,1.47,6,4.75,1.44,6,4.8,1.5,6.5,5.25,1.5,6.03,4.8,1.45,1.44,2.7,1.48,2.76,1.48,2.76,1.45,2.63,1.25,1.8,2.05,1.9,2,1.91,2.08,1.85,1.99
B1,18/08/2019,13:30,Standard,Mouscron,4,1,H,2,0,H,10,2,6,0,8,16,3,4,0,1,0,0,1.45,4.5,5.25,1.53,4.33,6.25,1.5,4.25,5.6,1.52,4.45,6.46,1.5,4.2,6,1.5,4.4,6,1.58,4.75,6.46,1.51,4.33,5.83,1.61,2.25,1.66,2.27,1.7,2.31,1.64,2.21,-1,1.88,1.98,1.88,2,1.94,2.04,1.86,1.97,1.55,4.2,5.5,1.57,4.4,5.75,1.57,4.05,5.1,1.59,4.22,5.78,1.57,4,5.5,1.6,4.3,5.25,1.63,4.4,6,1.57,4.16,5.42,1.61,2.25,1.63,2.37,1.66,2.37,1.62,2.26,-1,2.02,1.83,2.03,1.87,2.09,1.93,1.99,1.84
B1,18/08/2019,17:00,Antwerp,St Truiden,2,0,H,1,0,H,15,6,4,3,14,13,5,4,0,4,0,1,1.45,4.33,5.5,1.55,4.33,6,1.5,4.15,5.6,1.54,4.24,6.43,1.5,4.2,6,1.5,4.3,6.25,1.58,4.47,6.43,1.52,4.18,5.84,1.7,2.1,1.75,2.14,1.76,2.18,1.7,2.11,-1,1.88,1.98,1.94,1.94,1.95,2.03,1.9,1.94,1.61,4.2,4.33,1.7,4,5,1.65,3.95,4.55,1.66,4.14,5.15,1.63,4,4.8,1.67,4.2,4.75,1.7,4.25,5.5,1.65,4.02,4.82,1.53,2.4,1.56,2.52,1.67,2.52,1.57,2.37,-1,2.1,1.7,2.13,1.78,2.17,1.81,2.11,1.74
B1,18/08/2019,19:00,Gent,Oostende,2,0,H,0,0,D,11,5,4,2,6,15,5,4,0,1,0,0,1.33,5.5,7.5,1.4,5.25,7.5,1.35,4.95,7.3,1.36,5.33,8.56,1.35,5,8,1.36,5,8,1.4,5.5,8.56,1.36,5.1,7.54,1.5,2.5,1.5,2.64,1.53,2.66,1.5,2.52,-1.5,2.05,1.8,2.04,1.85,2.13,1.88,2.03,1.81,1.28,6,8.5,1.33,6,8.5,1.3,5.5,8,1.31,5.88,9.28,1.27,5.8,9,1.29,6,9.5,1.35,6.2,9.5,1.3,5.72,8.55,1.4,2.87,1.4,3.06,1.44,3.06,1.39,2.92,-1.5,1.8,2.05,1.83,2.08,1.87,2.13,1.81,2.03
B1,19/08/2019,19:30,Waregem,Charleroi,3,1,H,1,0,H,5,4,3,2,13,15,3,5,2,1,0,0,2.8,3.3,2.3,2.9,3.7,2.35,2.75,3.5,2.3,2.88,3.88,2.32,2.8,3.5,2.35,2.8,3.5,2.38,2.9,3.88,2.5,2.79,3.56,2.34,1.65,2.2,1.64,2.31,1.67,2.33,1.62,2.24,0.25,1.8,2.05,1.85,2.03,1.85,2.13,1.8,2.05,2.7,3.4,2.3,2.65,3.7,2.55,2.6,3.55,2.4,2.73,3.79,2.47,2.7,3.6,2.38,2.7,3.7,2.45,2.78,3.79,2.6,2.66,3.61,2.43,1.57,2.35,1.58,2.46,1.61,2.46,1.57,2.35,0,2.02,1.83,2.05,1.85,2.07,1.91,2.02,1.83
B1,23/08/2019,19:30,Genk,Anderlecht,1,0,H,0,0,D,6,8,4,2,8,16,5,10,0,1,0,0,1.72,3.8,4.5,1.78,3.75,4.2,1.75,3.8,4.1,1.78,4.09,4.32,1.75,3.9,4.2,1.75,3.9,4.3,1.82,4.1,4.5,1.77,3.84,4.16,1.65,2.2,1.68,2.25,1.7,2.28,1.65,2.2,-0.75,2,1.85,2.02,1.88,2.05,1.88,1.99,1.85,1.95,4,3.4,2,3.75,3.6,1.9,3.7,3.5,2.06,3.81,3.49,2,3.6,3.4,2,3.8,3.5,2.11,4,3.75,1.98,3.72,3.46,1.61,2.25,1.66,2.3,1.68,2.35,1.62,2.26,-0.5,2.05,1.8,2.06,1.84,2.12,1.9,2.01,1.83
B1,24/08/2019,19:00,Cercle Brugge,Waasland-Beveren,1,0,H,0,0,D,7,10,2,2,13,8,3,7,2,1,0,0,2,3.6,3.5,2,3.8,3.3,1.97,3.75,3.25,2,3.91,3.58,1.95,3.75,3.4,2,3.8,3.4,2.03,3.92,3.58,1.99,3.73,3.38,1.53,2.4,1.55,2.51,1.55,2.56,1.52,2.44,-0.5,2,1.85,2,1.88,2.04,1.88,1.99,1.84,1.8,3.8,4.33,1.83,4.1,4,1.77,3.9,3.8,1.82,4.22,4,1.78,3.9,3.9,1.83,4.1,3.9,1.99,4.22,4.33,1.81,3.96,3.89,1.5,2.5,1.51,2.65,1.54,2.65,1.5,2.51,-0.5,1.8,2.05,1.82,2.08,1.98,2.09,1.81,2.02
B1,24/08/2019,19:00,St Truiden,Waregem,0,0,D,0,0,D,13,8,2,2,15,15,5,4,2,1,0,0,2.25,3.5,3,2.2,3.5,3,2.25,3.65,2.8,2.31,3.8,2.95,2.2,3.75,2.88,2.3,3.7,2.88,2.33,3.92,3,2.26,3.64,2.86,1.47,2.6,1.47,2.77,1.5,2.77,1.47,2.62,-0.25,2,1.85,2.02,1.86,2.05,1.88,1.99,1.84,3.1,3.6,2.15,2.8,3.9,2.35,2.85,3.75,2.15,2.94,3.83,2.31,3,3.7,2.15,3,3.8,2.2,3.1,3.9,2.56,2.93,3.72,2.21,1.44,2.7,1.46,2.82,1.5,2.84,1.44,2.69,0.25,1.95,1.9,1.88,2.03,1.98,2.03,1.9,1.93
B1,24/08/2019,19:30,Oostende,Mechelen,2,1,H,0,0,D,13,11,8,6,18,12,6,9,2,3,0,0,3.1,3.5,2.2,2.9,3.6,2.25,3,3.5,2.15,3.11,3.71,2.25,3,3.5,2.25,3.1,3.6,2.2,3.11,3.75,2.3,3.01,3.54,2.21,1.66,2.15,1.72,2.17,1.74,2.21,1.68,2.14,0.25,1.93,1.93,1.92,1.96,1.96,1.98,1.9,1.94,2.87,3.5,2.37,2.9,3.6,2.4,2.7,3.45,2.35,2.94,3.71,2.35,2.8,3.5,2.35,2.75,3.6,2.45,2.98,3.71,2.54,2.81,3.52,2.38,1.65,2.2,1.68,2.25,1.72,2.26,1.66,2.18,0.25,1.8,2.05,1.85,2.05,1.85,2.16,1.8,2.06
B1,25/08/2019,17:00,Standard,Kortrijk,2,1,H,0,1,A,8,6,5,2,9,18,7,3,2,3,1,0,1.5,4.5,5.75,1.55,4.25,5.25,1.5,4.25,5.5,1.51,4.58,6.34,1.5,4.33,6,1.5,4.4,6,1.55,4.58,6.34,1.51,4.35,5.74,1.61,2.25,1.65,2.3,1.67,2.34,1.63,2.23,-1,1.88,1.98,1.85,2.03,1.92,2.05,1.85,1.99,1.44,4.5,7,1.47,4.55,6.8,1.46,4.45,5.8,1.48,4.61,6.79,1.42,4.6,6.5,1.44,4.8,6.5,1.5,4.85,7,1.45,4.57,6.38,1.47,2.6,1.52,2.62,1.55,2.64,1.51,2.51,-1.25,1.98,1.88,2.02,1.88,2.06,1.91,1.99,1.85
B1,25/08/2019,19:00,Mouscron,Eupen,2,0,H,1,0,H,5,6,4,2,17,11,6,6,3,3,0,0,1.72,3.75,4.5,1.75,3.7,4.4,1.7,3.75,4.4,1.72,3.96,4.88,1.7,3.75,4.6,1.7,3.8,4.8,1.8,3.96,4.88,1.72,3.77,4.52,1.8,2,1.81,2.05,1.83,2.12,1.77,2.02,-0.75,1.93,1.93,1.95,1.93,2,1.98,1.93,1.91,1.95,3.6,3.6,1.91,3.5,4.25,1.93,3.35,3.8,1.99,3.5,4.09,1.95,3.3,3.9,1.95,3.5,4,2.05,3.7,4.75,1.95,3.38,3.95,2.05,1.75,2.02,1.85,2.11,1.87,1.99,1.81,-0.5,1.98,1.88,1.99,1.91,2.03,2.16,1.96,1.88
B1,30/08/2019,19:30,Mechelen,Mouscron,2,2,D,2,1,H,8,10,4,5,13,16,5,7,1,1,0,0,1.95,3.75,3.5,2,3.6,3.8,1.95,3.45,3.6,2.05,3.5,3.83,1.78,3.7,4.2,2,3.5,3.6,2.06,3.75,4.03,2,3.47,3.68,1.85,1.95,1.9,1.98,1.93,2.01,1.85,1.94,-0.5,2,1.85,2.05,1.85,2.05,1.88,2.01,1.83,1.95,3.75,3.5,2,3.6,3.8,1.97,3.45,3.55,2.07,3.47,3.8,1.78,3.7,4.2,2.05,3.5,3.6,2.07,3.75,4.03,2,3.48,3.65,1.8,2,1.89,1.99,1.9,2.05,1.83,1.96,-0.5,2.02,1.83,2.07,1.83,2.08,1.88,2.02,1.83
B1,31/08/2019,17:00,Eupen,St Truiden,0,2,A,0,1,A,16,10,6,3,14,7,7,1,2,1,0,0,2.3,3.6,2.8,2.3,3.7,2.9,2.25,3.55,2.85,2.26,3.82,3.02,2.25,3.6,2.88,2.25,3.7,2.9,2.32,3.82,3.02,2.25,3.62,2.91,1.6,2.3,1.63,2.33,1.66,2.38,1.61,2.28,-0.25,2,1.85,1.98,1.9,2.05,1.9,1.97,1.87,2.2,3.6,3,2.3,3.7,2.9,2.2,3.55,2.9,2.26,3.75,3.06,2.25,3.6,2.88,2.2,3.75,3,2.32,3.86,3.15,2.24,3.63,2.94,1.61,2.25,1.66,2.3,1.67,2.38,1.61,2.27,-0.25,1.95,1.9,1.98,1.92,2.02,1.95,1.95,1.89
B1,31/08/2019,19:00,Kortrijk,Oostende,2,2,D,0,1,A,6,12,3,3,16,15,7,1,1,1,0,0,2.05,3.6,3.4,2,3.8,3.5,1.97,3.65,3.35,2.02,3.98,3.47,2,3.75,3.3,2,3.75,3.5,2.13,3.98,3.5,1.99,3.71,3.39,1.61,2.25,1.63,2.34,1.67,2.35,1.63,2.24,-0.5,2,1.85,2.01,1.87,2.04,1.89,1.99,1.85,1.9,3.75,3.75,1.87,3.9,3.8,1.85,3.75,3.7,1.86,4.09,3.94,2,3.75,3.3,1.83,3.8,4.2,1.97,4.09,4.3,1.85,3.83,3.86,1.6,2.3,1.6,2.43,1.65,2.43,1.6,2.3,-0.75,2,1.8,2.11,1.79,2.22,1.87,2.07,1.79
B1,31/08/2019,19:30,Waasland-Beveren,Charleroi,0,4,A,0,1,A,5,7,1,6,18,11,7,4,1,0,0,0,4,3.75,1.83,4,3.9,1.85,3.8,3.7,1.83,3.91,4.18,1.85,3.7,3.9,1.83,3.9,3.8,1.85,4.01,4.18,1.9,3.85,3.84,1.84,1.7,2.1,1.68,2.24,1.73,2.24,1.67,2.16,0.5,1.98,1.88,2.04,1.84,2.04,1.91,1.99,1.85,4.75,4,1.7,4.75,4,1.7,4.2,3.85,1.73,4.58,4.38,1.69,3.7,3.9,1.83,4.8,4.1,1.67,5,4.38,1.78,4.52,4.04,1.69,1.66,2.15,1.68,2.26,1.71,2.29,1.66,2.2,0.75,2.02,1.83,2,1.9,2.08,1.96,1.97,1.87
B1,01/09/2019,13:30,Club Brugge,Genk,1,1,D,1,0,H,10,13,5,3,16,13,6,5,2,4,0,0,1.75,3.75,4.33,1.8,4,4.1,1.75,3.8,4.1,1.79,4.08,4.26,1.75,3.8,4.2,1.75,3.9,4.2,1.83,4.08,4.35,1.77,3.86,4.15,1.65,2.2,1.68,2.24,1.7,2.3,1.65,2.2,-0.75,2.02,1.83,2.02,1.85,2.06,1.89,2,1.84,1.53,4,5.75,1.57,4.33,5.5,1.57,4.2,5,1.58,4.58,5.34,1.75,3.8,4.2,1.57,4.4,5.4,1.62,4.58,5.75,1.57,4.31,5.21,1.53,2.4,1.56,2.51,1.6,2.53,1.55,2.4,-1,1.95,1.9,1.97,1.93,2.03,1.93,1.96,1.88
B1,01/09/2019,17:00,Anderlecht,Standard,1,0,H,1,0,H,10,11,4,5,15,12,1,3,2,2,0,0,2.05,3.6,3.4,2.15,3.5,3.3,2.1,3.55,3.15,2.2,3.6,3.31,2.1,3.5,3.2,2.15,3.6,3.2,2.25,3.72,3.4,2.15,3.52,3.18,1.65,2.2,1.68,2.24,1.7,2.28,1.65,2.2,-0.25,1.88,1.98,1.9,1.98,1.92,2.03,1.87,1.96,2.3,3.6,2.9,2.35,3.6,2.85,2.25,3.45,2.85,2.41,3.51,2.99,2.1,3.5,3.2,2.38,3.6,2.9,2.42,3.6,3,2.33,3.49,2.87,1.65,2.2,1.69,2.25,1.7,2.31,1.65,2.22,-0.25,2.05,1.8,2.08,1.82,2.11,1.86,2.04,1.81
B1,01/09/2019,19:00,Gent,Cercle Brugge,3,2,H,3,1,H,17,7,8,3,12,16,4,2,1,4,0,0,1.28,6,8.5,1.3,6,8.5,1.28,5.6,8.2,1.31,5.8,9.44,1.27,5.5,9.5,1.29,6,9.5,1.32,6,9.5,1.29,5.75,8.77,1.4,2.87,1.36,3.19,1.4,3.19,1.37,2.96,-1.75,2,1.85,2.03,1.85,2.06,1.89,2.01,1.83,1.28,6,9,1.28,6.25,9.5,1.27,5.6,8.7,1.28,6.18,9.92,1.27,5.5,9.5,1.29,6,10.5,1.3,6.5,10.5,1.27,5.96,9.4,1.44,2.7,1.42,2.98,1.45,3.01,1.42,2.78,-1.75,1.98,1.88,2.01,1.88,2.04,1.92,1.97,1.87
B1,01/09/2019,19:00,Waregem,Antwerp,2,0,H,2,0,H,10,3,4,2,7,16,5,6,0,2,0,0,2.7,3.8,2.3,2.75,3.75,2.4,2.65,3.55,2.4,2.75,3.82,2.44,2.7,3.6,2.35,2.7,3.7,2.4,2.85,3.82,2.51,2.68,3.61,2.41,1.61,2.25,1.62,2.36,1.65,2.38,1.61,2.28,0,2.02,1.83,2.06,1.83,2.08,1.88,2.02,1.83,2.55,3.8,2.3,2.85,3.5,2.4,2.7,3.55,2.35,2.79,3.68,2.47,2.7,3.6,2.35,2.88,3.75,2.3,2.88,3.8,2.52,2.74,3.58,2.38,1.57,2.35,1.59,2.45,1.61,2.46,1.58,2.34,0.25,1.75,2.13,1.77,2.15,1.82,2.17,1.77,2.09
B1,13/09/2019,19:30,Charleroi,Genk,2,1,H,2,0,H,3,11,3,4,14,8,1,3,6,1,0,0,2.7,3.6,2.37,2.9,3.6,2.4,2.7,3.5,2.35,2.8,3.67,2.47,2.75,3.5,2.35,2.75,3.6,2.38,2.9,3.74,2.47,2.77,3.54,2.39,1.61,2.25,1.63,2.36,1.65,2.38,1.61,2.28,0.25,1.77,2.1,1.77,2.15,1.84,2.15,1.77,2.09,2.8,3.6,2.3,2.9,3.6,2.4,2.85,3.4,2.3,2.95,3.58,2.4,2.75,3.5,2.35,2.9,3.5,2.38,3.05,3.65,2.47,2.86,3.5,2.35,1.8,2,1.87,2.01,1.91,2.3,1.76,2.06,0.25,1.8,2.05,1.82,2.08,1.87,2.11,1.8,2.04
B1,14/09/2019,17:00,Oostende,Standard,1,4,A,1,1,D,4,10,3,8,11,10,2,9,0,2,0,0,4.33,4.2,1.66,4.33,4.33,1.7,4.35,4,1.67,4.36,4.4,1.72,4.4,4,1.67,4.6,4.1,1.67,4.62,4.4,1.75,4.34,4.11,1.69,1.57,2.35,1.56,2.48,1.59,2.51,1.56,2.39,0.75,1.98,1.88,1.97,1.92,2.02,1.94,1.96,1.88,4.2,4.2,1.7,4.25,4.25,1.72,4.2,4.05,1.67,4.29,4.4,1.73,4.4,4,1.67,4.4,4.2,1.7,4.6,4.45,1.76,4.23,4.2,1.7,1.5,2.5,1.53,2.59,1.57,2.59,1.52,2.49,0.75,1.93,1.93,1.96,1.94,2.03,1.94,1.94,1.9
B1,14/09/2019,19:00,Eupen,Waregem,1,1,D,0,1,A,9,4,2,2,18,20,5,2,3,2,0,1,2.75,3.75,2.3,2.8,3.7,2.35,2.7,3.6,2.3,2.71,3.83,2.47,2.75,3.7,2.3,2.8,3.75,2.3,3,3.9,2.47,2.75,3.66,2.33,1.57,2.35,1.56,2.47,1.58,2.48,1.55,2.39,0.25,1.75,2.05,1.75,2.15,1.84,2.15,1.78,2.05,2.75,3.75,2.3,2.8,3.75,2.35,2.75,3.6,2.3,2.92,3.71,2.36,2.75,3.7,2.3,2.8,3.75,2.38,2.93,3.75,2.42,2.82,3.65,2.31,1.57,2.35,1.6,2.42,1.61,2.48,1.57,2.34,0.25,1.8,2.05,1.84,2.06,1.85,2.13,1.81,2.03
B1,14/09/2019,19:00,St Truiden,Waasland-Beveren,1,1,D,0,0,D,4,12,2,4,12,11,6,9,2,1,0,0,1.6,4.2,5,1.65,4.33,4.75,1.63,4.15,4.5,1.65,4.33,4.99,1.63,4.2,4.5,1.65,4.2,4.6,1.7,4.33,5,1.64,4.18,4.64,1.47,2.6,1.48,2.71,1.51,2.71,1.48,2.55,-1,2.05,1.75,2.17,1.74,2.2,1.82,2.09,1.76,1.7,4,4.5,1.7,4,4.75,1.7,4,4.1,1.75,4,4.61,1.63,4.2,4.5,1.75,4,4.4,1.78,4.25,4.8,1.72,3.99,4.4,1.47,2.6,1.52,2.64,1.52,2.65,1.49,2.55,-0.75,1.93,1.93,1.97,1.93,1.98,1.97,1.93,1.91
B1,14/09/2019,19:30,Cercle Brugge,Club Brugge,0,2,A,0,1,A,11,8,4,4,13,6,3,9,1,2,0,0,8.5,6,1.28,9,6,1.3,8.6,5.7,1.27,9.03,6.23,1.3,10,5.8,1.25,10.5,6,1.25,10.5,6.23,1.31,8.96,5.85,1.28,1.4,2.87,1.39,3.05,1.41,3.05,1.39,2.9,1.5,2.05,1.75,2.1,1.79,2.14,1.82,2.08,1.76,9,6.5,1.25,10,6.25,1.26,9.1,5.8,1.25,12.08,6.45,1.24,10,5.8,1.25,13,6.25,1.22,13,6.75,1.3,10.58,6.23,1.24,1.44,2.7,1.46,2.83,1.46,3,1.42,2.76,1.75,2,1.85,2.03,1.87,2.06,1.94,1.99,1.86
B1,15/09/2019,13:30,Anderlecht,Antwerp,1,2,A,0,0,D,10,13,2,8,13,13,11,4,4,4,1,0,2,3.6,3.5,2,3.7,3.6,1.97,3.5,3.5,2.03,3.8,3.6,1.95,3.7,3.5,2,3.6,3.6,2.11,3.8,3.6,2,3.6,3.47,1.8,2,1.78,2.1,1.85,2.11,1.77,2.04,-0.5,2,1.85,2.02,1.86,2.1,1.91,2.01,1.84,2.3,3.4,3,2.3,3.5,3.1,2.3,3.35,2.85,2.37,3.52,3.04,1.95,3.7,3.5,2.45,3.4,2.9,2.45,3.6,3.1,2.33,3.42,2.94,1.72,2.07,1.78,2.11,1.82,2.14,1.75,2.05,-0.25,2.05,1.8,2.05,1.85,2.09,1.92,2.02,1.82
B1,15/09/2019,17:00,Gent,Mechelen,3,0,H,3,0,H,13,4,9,0,10,9,7,4,1,3,0,0,1.5,4.33,6,1.5,4.6,6,1.5,4.35,5.4,1.51,4.72,6.09,1.47,4.5,6,1.5,4.5,5.75,1.54,4.72,6.09,1.5,4.47,5.72,1.57,2.35,1.56,2.5,1.58,2.53,1.54,2.42,-1,1.85,2,1.83,2.06,1.89,2.09,1.83,2.02,1.45,4.5,6.5,1.53,4.4,6.25,1.48,4.4,5.6,1.52,4.58,6.06,1.47,4.5,6,1.5,4.5,6.25,1.53,4.85,6.5,1.49,4.47,5.92,1.53,2.4,1.55,2.55,1.6,2.58,1.53,2.45,-1,1.83,2.02,1.84,2.06,1.85,2.12,1.81,2.04
B1,15/09/2019,19:30,Mouscron,Kortrijk,2,0,H,1,0,H,8,7,4,2,14,16,6,5,3,3,0,1,2.1,3.5,3.3,2.15,3.5,3.3,2.1,3.4,3.25,2.21,3.59,3.3,2.15,3.4,3.2,2.1,3.5,3.3,2.22,3.6,3.4,2.13,3.45,3.25,1.8,2,1.82,2.04,1.89,2.04,1.82,1.97,-0.25,1.85,2,1.91,1.97,1.91,2.05,1.87,1.98,2.1,3.5,3.3,2.15,3.5,3.4,2.15,3.4,3.15,2.22,3.62,3.25,2.15,3.4,3.2,2.25,3.5,3.13,2.25,3.62,3.4,2.18,3.47,3.17,1.8,2,1.78,2.12,1.87,2.12,1.79,2.01,-0.25,1.93,1.93,1.93,1.97,1.96,2,1.91,1.93
B1,20/09/2019,19:30,Kortrijk,Mechelen,2,3,A,1,0,H,11,9,7,6,19,18,6,2,0,3,0,0,2.4,3.3,2.87,2.3,3.5,3,2.3,3.35,2.85,2.33,3.72,2.97,2.3,3.5,2.88,2.3,3.5,2.9,2.4,3.72,3.05,2.31,3.49,2.92,1.8,2,1.82,2.07,1.87,2.08,1.81,1.99,-0.25,2.05,1.8,2.04,1.86,2.09,1.86,2.02,1.82,2.3,3.4,3,2.3,3.5,3,2.3,3.4,2.8,2.38,3.64,2.94,2.3,3.5,2.88,2.38,3.5,2.9,2.38,3.65,3,2.32,3.51,2.89,1.66,2.15,1.71,2.21,1.79,2.21,1.71,2.12,-0.25,2.05,1.8,2.07,1.83,2.09,1.88,2.03,1.82
B1,21/09/2019,17:00,Charleroi,St Truiden,0,3,A,0,1,A,12,5,2,5,13,13,12,2,2,3,0,0,1.57,4,5.75,1.62,4,5.5,1.6,4,4.75,1.65,4.18,5.16,1.6,4,5.25,1.62,4.1,5,1.65,4.28,5.75,1.62,4.02,5.03,1.65,2.2,1.66,2.27,1.68,2.31,1.63,2.23,-1,2.05,1.8,2.11,1.78,2.13,1.84,2.07,1.78,1.57,4,5.5,1.62,4.1,5.5,1.57,4.05,5,1.64,4.08,5.43,1.6,3.9,5.25,1.6,4.1,5.5,1.65,4.28,5.8,1.6,4.03,5.28,1.65,2.2,1.66,2.29,1.7,2.31,1.64,2.22,-1,2.05,1.8,2.11,1.8,2.11,1.9,2.05,1.8
B1,21/09/2019,19:00,Antwerp,Cercle Brugge,3,1,H,1,1,D,13,5,8,1,14,13,5,2,1,2,0,0,1.36,4.75,8,1.4,5.1,7,1.37,4.8,6.9,1.42,5.18,6.98,1.38,4.75,7.5,1.36,4.8,8,1.44,5.18,8.35,1.38,4.9,7.2,1.53,2.4,1.54,2.54,1.57,2.56,1.52,2.47,-1.25,1.83,2.02,1.91,1.97,1.91,2.07,1.85,1.99,1.25,5.75,13,1.3,6.25,9.25,1.4,4.5,7,1.29,6.27,9.32,1.38,5,7,1.25,6,12,1.4,6.4,13,1.28,5.85,9.45,1.47,2.6,1.47,2.77,1.51,2.77,1.47,2.61,-1.75,1.95,1.9,1.99,1.92,2.1,1.98,1.97,1.87
B1,21/09/2019,19:00,Waasland-Beveren,Mouscron,1,1,D,0,1,A,7,6,2,4,11,11,2,4,1,2,0,0,3.4,3.5,2.05,3.5,3.5,2.1,3.3,3.6,2,3.46,3.66,2.11,3.3,3.6,2.05,3.4,3.6,2.05,3.5,3.7,2.16,3.36,3.56,2.06,1.7,2.1,1.73,2.16,1.75,2.23,1.68,2.14,0.25,2.05,1.75,2.05,1.83,2.11,1.83,2.05,1.79,3.5,3.5,2,3.5,3.6,2.1,3.25,3.5,2.05,3.5,3.69,2.09,3.4,3.6,2,3.4,3.7,2.05,3.55,3.7,2.16,3.36,3.56,2.07,1.72,2.07,1.73,2.18,1.76,2.21,1.7,2.12,0.25,2.05,1.8,2.08,1.82,2.09,1.87,2.04,1.81
B1,21/09/2019,19:30,Genk,Oostende,3,1,H,2,1,H,14,14,3,5,11,11,8,4,2,2,0,0,1.33,4.75,10,1.35,5.25,8.25,1.35,5.1,7.2,1.33,5.53,9.12,1.32,5.25,8.5,1.33,5.25,8.5,1.38,5.53,10,1.34,5.17,8.02,1.44,2.7,1.44,2.85,1.46,2.85,1.44,2.7,-1.5,1.98,1.88,1.99,1.89,2.03,1.92,1.96,1.88,1.36,4.75,9.5,1.35,5.5,8.5,1.4,4.5,7,1.35,5.53,8.4,1.32,5.25,8.5,1.36,5.4,8,1.4,5.6,9.5,1.35,5.23,7.72,1.36,3.1,1.39,3.14,1.45,3.14,1.38,2.91,-1.5,1.95,1.9,1.98,1.92,2.05,1.94,1.97,1.87
B1,22/09/2019,13:30,Standard,Eupen,3,0,H,2,0,H,15,4,8,1,9,14,6,3,0,2,0,1,1.28,5.75,9,1.26,6.25,10.5,1.3,5.3,8.6,1.27,5.84,11.94,1.25,5.5,11,1.29,5.75,10,1.31,6.25,12,1.27,5.6,9.98,1.53,2.4,1.53,2.57,1.54,2.57,1.51,2.47,-1.5,1.85,2,1.85,2.03,1.89,2.06,1.83,2.01,1.44,4.75,6,1.45,4.5,7,1.41,4.5,6.6,1.48,4.47,7.14,1.3,5.25,9,1.5,4.5,6.5,1.5,4.85,7.5,1.45,4.47,6.59,1.66,2.15,1.72,2.2,1.72,2.33,1.66,2.17,-1,1.83,2.02,1.81,2.09,1.87,2.18,1.78,2.06
B1,22/09/2019,17:00,Club Brugge,Anderlecht,2,1,H,1,1,D,17,5,8,4,11,14,8,3,1,2,0,0,1.5,4.33,6,1.55,4.4,5.5,1.53,4.35,5.2,1.54,4.69,5.7,1.5,4.5,5.5,1.5,4.5,5.75,1.57,4.75,6,1.52,4.46,5.44,1.53,2.4,1.54,2.54,1.54,2.56,1.52,2.47,-1,1.85,2,1.89,1.98,1.91,2.05,1.85,1.99,1.36,4.75,8.5,1.44,4.75,7,1.55,4,5.5,1.43,4.95,7.18,1.42,4.75,6.5,1.4,5,7.5,1.55,5.1,8.5,1.41,4.82,6.85,1.5,2.5,1.52,2.62,1.53,2.63,1.5,2.53,-1.25,1.88,1.98,1.92,1.98,1.95,2.03,1.88,1.96
B1,22/09/2019,19:00,Waregem,Gent,2,2,D,1,1,D,6,13,2,5,11,17,3,2,1,1,0,1,3.4,3.75,2,3.5,3.9,1.95,3.2,3.8,1.97,3.38,4.15,2.01,3.25,4,1.95,3.3,3.9,2,3.5,4.15,2.08,3.28,3.85,2,1.44,2.7,1.5,2.66,1.5,2.71,1.47,2.59,0.5,1.85,2,1.88,2,1.9,2.08,1.84,2,5.5,4.33,1.53,4.75,4.5,1.62,4.9,4.25,1.57,4.89,4.66,1.61,3.9,4.2,1.75,5.4,4.4,1.57,5.5,4.68,1.67,4.88,4.39,1.59,1.47,2.6,1.51,2.67,1.55,2.68,1.49,2.55,1,1.93,1.93,1.92,1.98,1.96,2.15,1.87,1.98
B1,28/09/2019,17:00,Mechelen,Club Brugge,0,5,A,0,1,A,2,22,0,12,6,19,1,12,2,1,1,0,6,4.33,1.5,6,4.2,1.55,5.8,4.4,1.47,5.9,4.9,1.5,4.8,4,1.6,6.25,4.5,1.5,6.3,4.9,1.55,5.88,4.53,1.48,1.57,2.35,1.58,2.44,1.62,2.46,1.58,2.34,1,2.05,1.8,2.09,1.79,2.11,1.85,2.05,1.79,7.5,5,1.36,6.25,5,1.45,6,4.5,1.45,7.01,5.02,1.43,4.8,4,1.6,7.5,5,1.4,7.5,5.1,1.47,6.72,4.84,1.42,1.53,2.4,1.55,2.55,1.57,2.56,1.53,2.45,1.25,1.98,1.88,1.98,1.92,2.01,1.94,1.95,1.88
B1,28/09/2019,19:00,Cercle Brugge,Eupen,1,2,A,1,0,H,7,7,3,4,22,19,1,2,4,4,1,0,2,3.6,3.25,2.1,3.7,3.3,2.05,3.5,3.25,2.14,3.66,3.39,2.1,3.5,3.1,2.1,3.6,3.3,2.25,3.7,3.39,2.1,3.54,3.25,1.75,2.05,1.8,2.07,1.82,2.13,1.76,2.04,-0.25,1.83,2.02,1.85,2.02,1.87,2.06,1.83,2,2.25,3.6,2.9,2.3,3.5,3,2.1,3.45,3.15,2.26,3.44,3.31,2.1,3.5,3.1,2.25,3.5,3.1,2.32,3.6,3.4,2.22,3.41,3.14,1.8,2,1.85,2.04,1.88,2.08,1.79,2.02,-0.25,1.93,1.93,1.96,1.94,2,2,1.93,1.91
B1,28/09/2019,19:00,Gent,Kortrijk,2,0,H,0,0,D,13,3,8,2,9,14,2,5,2,0,0,0,1.3,5.5,9,1.3,5.75,9.25,1.3,5.2,8.1,1.35,5.69,8.04,1.5,4.33,5.5,1.3,5.5,9,1.37,5.75,9.25,1.32,5.4,8.22,1.44,2.7,1.46,2.78,1.51,2.8,1.45,2.67,-1.5,1.9,1.95,1.88,2,1.96,2.01,1.89,1.93,1.25,6,11,1.28,6.25,9.5,1.26,5.8,8.7,1.29,6.5,8.99,1.5,4.33,5.5,1.25,6.5,10.5,1.29,6.6,11,1.27,6.13,9.28,1.36,3.1,1.35,3.35,1.38,3.35,1.35,3.09,-1.75,1.9,1.95,1.93,1.97,1.95,2.02,1.9,1.94
B1,28/09/2019,19:00,Mouscron,Waregem,2,2,D,1,0,H,9,13,4,7,23,13,4,6,3,1,0,0,2.15,3.5,2.9,2.35,3.4,3,2.25,3.45,2.9,2.26,3.75,3.06,2.3,3.4,2.8,2.25,3.6,3,2.38,3.75,3.06,2.24,3.54,2.95,1.7,2.1,1.69,2.22,1.75,2.24,1.69,2.14,-0.25,1.98,1.88,1.97,1.91,2.04,1.93,1.96,1.87,1.95,3.6,3.3,2.05,3.6,3.5,2.05,3.55,3.25,2.08,3.66,3.56,2.3,3.4,2.8,2.05,3.6,3.4,2.14,3.74,3.56,2.05,3.55,3.39,1.72,2.07,1.76,2.14,1.78,2.21,1.72,2.1,-0.25,1.8,2.05,1.81,2.1,1.86,2.14,1.8,2.05
B1,28/09/2019,19:30,St Truiden,Genk,3,3,D,0,1,A,8,8,4,4,19,10,10,13,6,1,0,0,4.75,3.8,1.7,4.5,3.8,1.78,4.25,3.8,1.73,4.45,4.12,1.76,4,3.75,1.8,4.5,3.9,1.73,4.75,4.12,1.85,4.26,3.88,1.75,1.65,2.2,1.63,2.33,1.67,2.34,1.62,2.25,0.75,1.85,1.95,1.92,1.96,1.94,2,1.88,1.95,6,4.33,1.5,5.25,4.75,1.55,5.2,4.4,1.53,5.38,4.76,1.56,4,3.75,1.8,5.75,4.6,1.53,6,4.76,1.64,5.2,4.51,1.55,1.5,2.5,1.53,2.6,1.55,2.67,1.5,2.54,1,2,1.85,1.99,1.91,2.04,1.98,1.95,1.89
B1,29/09/2019,13:30,Anderlecht,Waasland-Beveren,0,0,D,0,0,D,12,4,5,2,14,17,7,1,2,3,0,0,1.36,4.75,6.5,1.4,5,7.25,1.4,4.65,6.6,1.41,4.83,8.03,1.3,5,8.5,1.4,4.75,7.5,1.47,5,8.03,1.4,4.75,7.02,1.6,2.3,1.6,2.41,1.63,2.44,1.59,2.32,-1.25,1.9,1.95,1.96,1.93,1.96,2.01,1.91,1.92,1.33,5,8.5,1.36,5.25,8.5,1.36,4.85,7.1,1.38,5.13,8.33,1.3,5,8.5,1.36,5,8,1.42,5.29,9.11,1.36,5.02,7.75,1.5,2.5,1.53,2.59,1.57,2.61,1.52,2.48,-1.5,2.05,1.75,2.13,1.79,2.16,1.84,2.06,1.78
B1,29/09/2019,17:00,Standard,Charleroi,1,1,D,0,1,A,9,10,3,5,13,21,9,2,2,4,0,1,1.57,4,4.75,1.65,4.1,5,1.6,3.85,4.95,1.65,4.1,5.35,1.57,4,5,1.62,4,5.2,1.69,4.2,5.35,1.63,3.99,4.92,1.72,2.07,1.76,2.11,1.79,2.17,1.74,2.06,-1,2.07,1.72,2.16,1.75,2.17,1.8,2.11,1.75,1.61,3.8,4.5,1.65,4,5.5,1.6,3.85,5,1.64,3.94,5.76,1.57,4,5,1.62,4,5.4,1.7,4.1,5.76,1.63,3.91,5.22,1.72,2.07,1.81,2.08,1.81,2.15,1.75,2.06,-1,2.05,1.75,2.13,1.79,2.2,1.81,2.11,1.75
B1,29/09/2019,19:00,Oostende,Antwerp,1,1,D,0,1,A,12,7,5,2,14,12,2,5,0,0,0,0,3.8,3.8,1.75,3.8,3.8,1.9,3.85,3.75,1.8,4.12,3.93,1.86,3.75,3.7,1.83,4,3.8,1.83,4.12,4,1.9,3.85,3.8,1.84,1.65,2.2,1.69,2.22,1.71,2.26,1.65,2.2,0.5,2.02,1.83,2.03,1.85,2.06,1.88,2,1.84,5,4,1.57,4.75,4.4,1.65,4.85,4.2,1.57,5.08,4.66,1.6,3.75,3.7,1.83,5.2,4.4,1.6,5.2,4.66,1.65,4.86,4.35,1.6,1.5,2.5,1.51,2.67,1.55,2.67,1.5,2.53,1,1.85,2,1.92,1.98,1.93,2.05,1.85,1.99
B1,04/10/2019,19:30,Charleroi,Anderlecht,1,2,A,1,1,D,11,11,3,6,23,17,4,4,2,5,0,0,2.37,3.3,2.87,2.5,3.4,2.9,2.4,3.35,2.75,2.45,3.63,2.85,2.4,3.5,2.7,2.45,3.4,2.8,2.56,3.63,2.9,2.43,3.42,2.78,1.85,1.95,1.86,2.02,1.93,2.04,1.84,1.95,-0.25,2.1,1.7,2.13,1.78,2.19,1.81,2.12,1.75,2.37,3.3,2.87,2.45,3.5,2.85,2.4,3.3,2.75,2.47,3.52,2.88,2.4,3.5,2.7,2.45,3.4,2.88,2.52,3.55,2.9,2.41,3.4,2.81,1.95,1.85,1.94,1.94,1.99,1.95,1.89,1.9,-0.25,2.07,1.72,2.14,1.78,2.2,1.81,2.1,1.76
B1,05/10/2019,17:00,Eupen,Mechelen,0,2,A,0,1,A,13,10,5,4,10,11,10,6,1,5,0,1,2.7,3.4,2.5,2.65,3.5,2.6,2.6,3.4,2.5,2.62,3.58,2.68,2.6,3.4,2.55,2.63,3.4,2.6,2.8,3.58,2.68,2.59,3.45,2.57,1.72,2.07,1.79,2.08,1.8,2.17,1.73,2.08,0,1.93,1.93,1.92,1.96,1.97,2.02,1.92,1.93,2.4,3.4,2.8,2.55,3.5,2.8,2.45,3.35,2.7,2.5,3.62,2.79,2.6,3.4,2.55,2.5,3.6,2.7,2.6,3.62,2.8,2.47,3.45,2.71,1.75,2.05,1.81,2.07,1.83,2.11,1.76,2.05,-0.25,2.1,1.7,2.17,1.75,2.21,1.76,2.15,1.72
B1,05/10/2019,19:00,Waasland-Beveren,Oostende,3,1,H,2,1,H,14,7,8,5,16,16,8,1,1,3,0,0,2.5,3.3,2.75,2.5,3.6,2.7,2.4,3.55,2.6,2.43,3.92,2.72,2.4,3.7,2.6,2.45,3.7,2.63,2.55,3.92,2.75,2.43,3.66,2.63,1.57,2.35,1.58,2.44,1.61,2.46,1.57,2.37,0,1.85,2,1.83,2.05,1.92,2.05,1.86,2,2.7,3.3,2.55,2.55,3.7,2.65,2.4,3.55,2.6,2.66,3.75,2.55,2.4,3.7,2.6,2.7,3.6,2.5,2.75,3.76,2.65,2.57,3.61,2.51,1.53,2.4,1.56,2.51,1.6,2.51,1.55,2.4,0,2,1.85,1.99,1.91,2.07,1.95,1.97,1.88
B1,05/10/2019,19:00,Waregem,Cercle Brugge,6,0,H,2,0,H,11,8,7,3,8,17,4,7,1,3,0,0,1.6,4,5.5,1.62,4.1,5.25,1.6,4.15,4.65,1.61,4.4,5.29,1.6,4.2,4.8,1.6,4.3,5,1.64,4.45,5.6,1.59,4.22,4.99,1.5,2.5,1.53,2.56,1.53,2.6,1.5,2.53,-1,2.02,1.83,2.01,1.87,2.08,1.94,1.99,1.84,1.57,4,5.75,1.62,4.25,5.25,1.53,4.25,5.2,1.6,4.21,5.62,1.6,4.2,4.8,1.6,4.5,5,1.63,4.5,6,1.58,4.2,5.25,1.44,2.7,1.49,2.73,1.5,2.76,1.46,2.63,-1,1.98,1.88,1.99,1.91,2.04,1.94,1.96,1.87
B1,05/10/2019,19:30,Kortrijk,St Truiden,4,0,H,3,0,H,16,6,9,0,16,12,3,2,3,2,0,1,1.83,3.6,4,1.85,3.75,4.1,1.83,3.85,3.7,1.85,4.14,3.96,1.83,3.9,3.7,1.83,3.9,3.9,1.9,4.2,4.1,1.84,3.9,3.78,1.53,2.4,1.54,2.54,1.55,2.56,1.52,2.45,-0.75,2.05,1.75,2.08,1.81,2.12,1.82,2.07,1.78,1.83,3.6,4,1.87,4,3.9,1.85,3.85,3.65,1.86,4.11,3.94,1.83,3.9,3.7,1.83,3.9,4,1.88,4.25,4,1.83,3.94,3.81,1.5,2.5,1.5,2.69,1.53,2.69,1.5,2.52,-0.75,2.02,1.77,2.1,1.8,2.13,1.84,2.07,1.78
B1,06/10/2019,13:30,Club Brugge,Gent,4,0,H,2,0,H,11,15,7,8,16,9,5,5,4,3,0,0,1.6,4,5.25,1.65,4.1,5,1.6,4.15,4.55,1.6,4.53,5.16,1.6,4.2,4.8,1.6,4.3,5,1.67,4.53,5.4,1.6,4.23,4.87,1.5,2.5,1.53,2.57,1.55,2.57,1.51,2.49,-1,2.02,1.83,2.02,1.86,2.08,1.91,2,1.84,1.5,4,6.5,1.6,4.25,5.5,1.53,4.3,5.2,1.54,4.43,6.1,1.6,4.2,5,1.53,4.4,5.75,1.6,4.6,6.5,1.54,4.28,5.59,1.44,2.7,1.48,2.76,1.55,2.76,1.46,2.62,-1,1.85,2,1.87,2.03,1.93,2.06,1.87,1.97
B1,06/10/2019,17:00,Antwerp,Standard,2,2,D,1,0,H,14,9,5,3,15,19,5,4,3,2,0,0,2.15,3.4,3.25,2.25,3.7,3,2.15,3.5,3.05,2.24,3.79,3.08,2.2,3.6,3,2.2,3.6,3.1,2.26,3.8,3.25,2.17,3.61,3.05,1.7,2.1,1.72,2.17,1.75,2.21,1.7,2.13,-0.25,1.9,1.95,1.96,1.93,1.96,2.02,1.9,1.94,1.83,3.6,4.33,1.91,3.8,3.9,1.87,3.6,3.7,1.93,3.95,3.81,2.15,3.5,3.1,1.87,3.75,4,1.96,4,4.33,1.88,3.75,3.78,1.72,2.07,1.76,2.14,1.77,2.17,1.73,2.09,-0.5,1.88,1.98,1.93,1.97,1.94,2.02,1.88,1.95
B1,06/10/2019,19:00,Genk,Mouscron,2,1,H,0,0,D,12,7,6,3,12,12,1,4,1,2,0,0,1.45,4.33,6,1.48,4.75,6.25,1.5,4.3,5.4,1.55,4.43,5.9,1.5,4.33,5.8,1.5,4.4,6,1.56,4.75,6.25,1.51,4.38,5.66,1.57,2.35,1.61,2.37,1.63,2.41,1.58,2.33,-1,1.88,1.98,1.93,1.95,1.93,2.03,1.87,1.97,1.4,4.33,7,1.48,4.5,7,1.43,4.35,6.6,1.46,4.7,6.95,1.53,4.2,5.5,1.44,4.6,7.5,1.54,4.75,7.8,1.44,4.48,6.84,1.66,2.15,1.74,2.17,1.76,2.25,1.68,2.16,-1.25,1.98,1.88,2.02,1.88,2.07,1.91,1.99,1.85
B1,18/10/2019,19:30,Mouscron,Club Brugge,0,1,A,0,1,A,5,11,1,6,13,15,4,5,0,1,0,0,7,4.75,1.4,7,5,1.44,7,4,1.45,6.77,5.02,1.44,7,5,1.38,7,4.8,1.4,7,5.02,1.46,6.59,4.76,1.43,1.57,2.35,1.6,2.44,1.6,2.46,1.56,2.37,1.25,1.88,1.98,1.92,1.98,1.94,2,1.89,1.94,6.5,4.5,1.44,6.5,4.5,1.5,6.1,4,1.5,6.44,4.74,1.48,7,5,1.38,6.25,4.6,1.5,6.9,4.8,1.52,6.04,4.55,1.48,1.57,2.35,1.56,2.52,1.58,2.52,1.55,2.4,1,2.1,1.77,2.12,1.79,2.16,1.84,2.07,1.77
B1,19/10/2019,17:00,Standard,Genk,1,0,H,0,0,D,10,7,4,2,11,10,4,6,2,1,0,0,2.1,3.75,3.1,2.3,3.3,3.2,2.5,3.95,2.25,2.25,3.83,3.03,2.2,3.6,3,2.15,3.75,3,2.5,3.95,3.2,2.21,3.64,2.96,1.57,2.35,1.58,2.43,1.62,3.1,1.56,2.39,-0.25,1.95,1.9,1.97,1.92,1.99,1.96,1.93,1.89,2.25,3.75,3,2.3,3.6,3,2.1,3.55,3.05,2.34,3.64,3,2.2,3.6,3,2.3,3.7,2.9,2.4,3.75,3.1,2.28,3.55,2.93,1.61,2.25,1.67,2.28,1.68,2.38,1.62,2.27,-0.25,2.02,1.83,2.04,1.86,2.09,1.87,2.01,1.83
B1,19/10/2019,19:00,Kortrijk,Waregem,2,0,H,1,0,H,9,7,7,3,10,8,11,5,1,4,0,1,2.1,3.8,3.1,2.2,3.9,2.95,2.1,3.7,3,2.19,4.04,3.03,2.1,3.8,3,2.1,3.8,3.1,2.22,4.04,3.2,2.14,3.81,2.99,1.47,2.6,1.46,2.78,1.48,2.78,1.46,2.64,-0.25,1.88,1.98,1.93,1.95,1.93,2.02,1.89,1.94,2.1,3.8,3.1,2.2,3.9,2.95,2.15,3.7,2.95,2.14,4.07,3.11,2.1,3.8,3,2.1,3.9,3.13,2.2,4.07,3.15,2.11,3.84,3.05,1.5,2.5,1.52,2.63,1.52,2.63,1.49,2.54,-0.25,1.88,1.98,1.89,2.01,1.92,2.01,1.86,1.98
B1,19/10/2019,19:00,Oostende,Eupen,2,3,A,2,1,H,10,10,5,5,8,19,11,5,1,3,0,1,2,3.6,3.4,2.05,3.7,3.4,2.05,3.55,3.2,2.06,3.89,3.42,2.05,3.7,3.2,2.05,3.6,3.4,2.13,3.89,3.42,2.05,3.66,3.29,1.65,2.2,1.68,2.24,1.7,2.28,1.65,2.2,-0.25,1.8,2.05,1.8,2.09,1.85,2.09,1.79,2.05,2,3.6,3.4,2.05,3.7,3.4,2.05,3.55,3.2,2.1,3.67,3.48,2.05,3.7,3.2,2.1,3.6,3.4,2.14,3.75,3.48,2.07,3.6,3.32,1.7,2.1,1.74,2.18,1.75,2.25,1.69,2.16,-0.25,1.83,2.02,1.83,2.07,1.87,2.09,1.82,2.03
B1,19/10/2019,19:30,Gent,Waasland-Beveren,2,0,H,1,0,H,11,9,9,2,14,8,8,1,1,2,0,0,1.18,8,11,1.22,7,12,1.2,6.7,11.5,1.2,6.99,13.69,1.18,7,13,1.17,7.5,15,1.22,8,15,1.19,6.93,12.58,1.36,3.1,1.31,3.32,1.36,3.4,1.33,3.15,-2,1.88,1.98,1.9,1.93,1.94,2.01,1.88,1.95,1.16,8,11,1.19,7.5,13.5,1.17,7.1,12.5,1.17,7.72,15.3,1.18,7,13,1.15,8,17,1.19,8,17,1.17,7.43,14.01,1.3,3.5,1.3,3.56,1.33,3.61,1.31,3.33,-2.25,2,1.85,2.02,1.86,2.08,1.92,2.01,1.84
B1,20/10/2019,13:30,Mechelen,Antwerp,3,1,H,2,1,H,9,8,7,3,12,14,6,1,3,3,0,0,3.6,3.6,1.95,3.5,3.8,2,3.3,3.5,2,3.54,3.84,2.04,3.4,3.6,2,3.4,3.6,2.05,3.6,3.84,2.15,3.39,3.63,2.02,1.75,2.05,1.72,2.18,1.8,2.18,1.73,2.09,0.25,2.1,1.77,2.13,1.76,2.13,1.81,2.08,1.76,4,4,1.75,3.9,3.9,1.87,3.85,3.7,1.83,3.93,3.99,1.88,3.4,3.6,2,4,3.8,1.87,4,4,1.93,3.8,3.8,1.87,1.66,2.15,1.7,2.23,1.75,2.23,1.7,2.14,0.5,1.98,1.88,2.01,1.88,2.02,1.93,1.95,1.88
B1,20/10/2019,17:00,Anderlecht,St Truiden,4,1,H,2,0,H,11,8,8,3,10,14,3,3,1,2,0,0,1.4,4.75,7,1.48,4.75,6.25,1.42,4.6,6.3,1.47,4.78,6.64,1.4,4.6,7,1.4,4.75,7.5,1.48,4.9,7.5,1.43,4.65,6.5,1.53,2.4,1.56,2.5,1.56,2.5,1.53,2.44,-1.25,1.93,1.93,1.98,1.9,1.98,1.98,1.94,1.89,1.44,4.75,6,1.4,5,7.25,1.43,4.65,6,1.47,4.8,6.55,1.4,4.6,7,1.45,4.8,6.5,1.49,5,7.25,1.44,4.76,6.36,1.44,2.7,1.5,2.7,1.5,2.7,1.46,2.63,-1.25,1.98,1.88,2.02,1.88,2.07,1.91,1.96,1.88
B1,20/10/2019,19:00,Cercle Brugge,Charleroi,0,3,A,0,3,A,10,9,4,7,13,12,10,2,2,2,0,0,3.5,3.8,1.95,3.8,3.6,1.95,3.5,3.5,1.95,3.58,3.84,2.02,3.6,3.6,1.95,3.6,3.7,1.95,3.8,3.84,2.03,3.53,3.64,1.97,1.7,2.1,1.76,2.12,1.78,2.16,1.71,2.1,0.5,1.88,1.98,1.87,2.01,1.93,2.02,1.86,1.97,2.9,3.8,2.15,3.1,3.75,2.15,3,3.5,2.15,3.14,3.72,2.23,3.6,3.6,1.95,3,3.7,2.25,3.25,3.8,2.26,3.08,3.6,2.17,1.7,2.1,1.74,2.17,1.77,2.2,1.71,2.12,0.25,1.9,1.95,1.94,1.96,1.98,2.02,1.92,1.92
B1,25/10/2019,19:30,Eupen,Anderlecht,0,0,D,0,0,D,10,8,7,2,15,12,3,4,4,0,0,0,4.2,3.3,1.9,4,3.6,1.91,3.7,3.5,1.9,3.89,3.84,1.93,3.9,3.6,1.85,3.75,3.7,1.91,4.2,3.84,2,3.81,3.62,1.91,1.72,2.07,1.74,2.17,1.79,2.18,1.74,2.08,0.5,1.93,1.93,1.96,1.93,1.97,2,1.92,1.91,3.3,3.25,2.25,3.5,3.5,2.1,3.4,3.4,2.05,3.38,3.31,2.29,3.9,3.6,1.85,3.2,3.4,2.25,3.8,3.6,2.3,3.34,3.35,2.16,1.95,1.85,2,1.88,2.07,2.1,1.89,1.91,0.25,1.88,1.98,1.93,1.97,2.07,2.01,1.93,1.91
B1,26/10/2019,17:00,Charleroi,Mouscron,1,0,H,0,0,D,9,9,5,3,11,16,1,10,2,2,0,0,1.9,3.4,4,1.95,3.7,3.7,1.93,3.35,3.85,1.96,3.75,3.91,1.95,3.5,3.7,1.93,3.5,3.9,2.01,3.75,4,1.94,3.51,3.79,2,1.8,2.04,1.83,2.06,1.88,1.99,1.81,-0.5,1.95,1.9,1.95,1.93,1.99,1.96,1.93,1.9,2,3.4,3.75,2,3.4,3.9,2,3.35,3.55,2.06,3.32,4.02,1.95,3.5,3.7,2.05,3.4,3.7,2.1,3.5,4.02,2.03,3.35,3.72,2.05,1.75,2.06,1.82,2.08,1.86,2.01,1.79,-0.25,1.75,2.05,1.76,2.16,1.82,2.19,1.75,2.11
B1,26/10/2019,19:00,Antwerp,Kortrijk,3,1,H,1,0,H,14,7,7,3,8,12,6,4,1,1,0,0,1.4,4.5,7.5,1.45,4.4,7.25,1.47,4.3,5.9,1.49,4.47,6.88,1.4,4.6,7,1.5,4.5,6.25,1.5,4.65,7.5,1.47,4.38,6.41,1.57,2.35,1.59,2.42,1.61,2.46,1.57,2.36,-1,1.7,2.1,1.81,2.07,1.81,2.16,1.77,2.08,1.55,4.2,5.75,1.5,4.33,6.5,1.55,4.2,5.1,1.56,4.2,6.24,1.4,4.6,7,1.57,4.3,5.5,1.59,4.5,6.5,1.54,4.21,5.68,1.53,2.4,1.55,2.54,1.6,2.54,1.54,2.41,-1,1.95,1.9,1.96,1.94,2,2,1.92,1.92
B1,26/10/2019,19:00,Waregem,Oostende,2,0,H,0,0,D,7,5,2,4,12,18,4,2,0,1,0,0,1.75,4,4,1.83,4.1,3.9,1.8,3.85,3.75,1.88,4.01,3.91,1.75,4,4,1.85,4,3.7,1.91,4.2,4,1.83,3.92,3.79,1.47,2.6,1.49,2.69,1.5,2.69,1.48,2.56,-0.5,1.88,1.98,1.88,2,1.92,2.08,1.84,2,1.75,4,4,1.8,4,4.1,1.8,3.9,3.65,1.86,4.15,3.9,1.75,4,4,1.85,4.1,3.75,1.91,4.2,4.1,1.82,4,3.8,1.44,2.7,1.47,2.8,1.48,2.86,1.44,2.68,-0.5,1.85,2,1.86,2.04,1.92,2.05,1.84,2
B1,26/10/2019,19:30,Genk,Cercle Brugge,1,0,H,1,0,H,13,11,6,4,7,16,8,4,0,2,0,0,1.16,7,15,1.18,7.5,15,1.18,6.8,12,1.17,7.4,16.47,1.18,6.5,15,1.18,7,15,1.22,7.5,16.47,1.18,7.06,13.65,1.36,3.1,1.35,3.12,1.4,3.25,1.36,3.04,-2,1.88,1.98,1.84,1.99,1.93,2.03,1.85,1.98,1.22,6,11,1.2,7,14,1.2,6,12.5,1.23,6.27,12.94,1.18,6.5,15,1.25,6.5,10.5,1.28,7.3,14.5,1.23,6.28,11.25,1.36,3.1,1.41,2.98,1.41,3.35,1.36,3.02,-1.75,1.9,1.95,1.9,1.98,2.02,2.29,1.87,1.97
B1,27/10/2019,13:30,Club Brugge,Standard,1,1,D,0,1,A,9,6,3,2,8,12,5,5,1,2,0,0,1.45,4.2,6.5,1.48,4.4,7,1.47,4.3,6,1.48,4.36,7.46,1.4,4.75,7,1.45,4.5,7,1.5,4.6,7.5,1.46,4.35,6.7,1.57,2.35,1.6,2.39,1.6,2.45,1.57,2.35,-1.25,2.02,1.83,2.07,1.81,2.07,1.86,2.02,1.82,1.33,4.5,9,1.4,4.75,7.75,1.37,4.75,7,1.38,5.04,8.41,1.4,4.75,7,1.36,5,8.5,1.42,5.2,9,1.37,4.85,7.69,1.5,2.5,1.51,2.66,1.55,2.66,1.5,2.5,-1.25,1.8,2.05,1.81,2.09,1.85,2.16,1.8,2.04
B1,27/10/2019,17:00,St Truiden,Gent,0,0,D,0,0,D,8,19,3,6,10,14,4,11,0,1,0,0,6,4,1.55,5.75,4.1,1.57,5,4.25,1.55,5.28,4.67,1.57,5,4.4,1.55,5.5,4.4,1.53,6,4.7,1.64,5.15,4.33,1.56,1.47,2.6,1.46,2.77,1.55,2.77,1.47,2.62,1,1.95,1.9,1.96,1.92,2.01,2.06,1.92,1.92,5.5,4,1.6,5,4.4,1.6,4.65,4.25,1.6,5.08,4.47,1.62,5,4.4,1.55,5,4.5,1.6,5.5,4.55,1.65,4.95,4.35,1.59,1.4,2.87,1.45,2.85,1.49,2.9,1.44,2.72,1,1.85,2,1.88,2.01,1.92,2.07,1.86,1.98
B1,27/10/2019,19:00,Waasland-Beveren,Mechelen,1,3,A,0,1,A,8,7,5,2,15,20,10,4,2,1,0,0,3.4,3.5,2.05,3.1,3.5,2.25,3,3.45,2.15,3.19,3.7,2.22,3.1,3.6,2.15,3.1,3.6,2.2,3.4,3.75,2.25,3.09,3.53,2.18,1.7,2.1,1.73,2.16,1.75,2.19,1.7,2.12,0.25,1.93,1.93,1.95,1.93,1.98,1.96,1.93,1.91,3,3.5,2.3,2.95,3.6,2.3,2.9,3.35,2.3,2.99,3.61,2.36,2.9,3.4,2.3,2.9,3.6,2.38,3.08,3.7,2.38,2.93,3.49,2.31,1.75,2.05,1.79,2.09,1.83,2.15,1.75,2.06,0.25,1.83,2.02,1.85,2.05,1.88,2.08,1.82,2.01
B1,29/10/2019,19:30,Cercle Brugge,Mouscron,2,2,D,1,1,D,10,4,7,3,19,19,4,5,2,4,0,0,2.8,3.6,2.3,3,3.5,2.3,2.85,3.45,2.3,2.94,3.67,2.37,3.1,3.5,2.15,2.8,3.6,2.38,3.05,3.7,2.38,2.89,3.53,2.31,1.66,2.15,1.72,2.19,1.72,2.25,1.67,2.16,0.25,1.8,2.05,1.83,2.07,1.86,2.09,1.81,2.02,2.3,3.6,2.75,2.55,3.6,2.65,2.55,3.45,2.55,2.69,3.62,2.58,3.1,3.5,2.15,2.63,3.6,2.55,2.76,3.65,2.75,2.6,3.51,2.54,1.72,2.07,1.78,2.11,1.78,2.17,1.71,2.1,0,1.95,1.9,1.99,1.91,2.01,1.93,1.96,1.89
B1,29/10/2019,19:30,Kortrijk,Eupen,1,2,A,0,2,A,7,7,2,5,16,16,6,2,1,4,0,0,1.85,4,3.6,1.87,3.9,3.9,1.8,3.65,3.95,1.85,3.87,4.25,1.83,3.7,3.9,1.8,3.8,4.1,1.89,4,4.4,1.82,3.74,4.06,1.72,2.07,1.75,2.16,1.8,2.2,1.71,2.11,-0.75,2.05,1.75,2.1,1.8,2.13,1.83,2.06,1.78,1.75,4,4,1.87,3.9,3.9,1.77,3.65,4.15,1.83,3.84,4.34,1.83,3.7,3.9,1.8,3.8,4.33,1.87,4,4.6,1.8,3.73,4.18,1.8,2,1.78,2.11,1.81,2.12,1.75,2.07,-0.75,2.05,1.75,2.09,1.81,2.13,1.83,2.06,1.79
B1,29/10/2019,19:30,Oostende,Charleroi,0,1,A,0,0,D,8,7,5,3,15,13,6,5,2,1,0,1,3.25,3.4,2.2,3.1,3.5,2.25,3,3.45,2.2,3.08,3.65,2.29,3,3.6,2.2,3.1,3.5,2.2,3.25,3.7,2.29,3.05,3.53,2.21,1.8,2,1.81,2.07,1.83,2.15,1.75,2.06,0.25,1.9,1.95,1.9,2,1.94,2,1.89,1.94,3.2,3.25,2.3,3.1,3.5,2.25,2.9,3.4,2.25,3.04,3.62,2.33,3,3.6,2.2,3,3.5,2.3,3.2,3.62,2.35,2.97,3.48,2.28,1.8,2,1.81,2.08,1.85,2.08,1.79,2.01,0.25,1.83,2.02,1.87,2.03,1.89,2.05,1.84,2
B1,30/10/2019,19:30,Genk,Antwerp,2,2,D,0,1,A,11,13,7,6,13,21,7,5,0,4,0,1,1.95,3.6,3.6,2,3.6,3.7,2,3.45,3.45,2.03,3.66,3.74,2.05,3.5,3.4,2.05,3.6,3.4,2.09,3.72,3.75,2,3.53,3.52,1.72,2.07,1.76,2.11,1.79,2.17,1.74,2.07,-0.25,1.77,2.1,1.75,2.16,1.81,2.19,1.75,2.11,2.05,3.6,3.3,2,3.6,3.7,2,3.5,3.35,2.07,3.63,3.62,2.05,3.5,3.4,2.05,3.6,3.5,2.09,3.74,3.7,2.03,3.54,3.47,1.72,2.07,1.71,2.21,1.77,2.21,1.71,2.12,-0.25,1.8,2,1.79,2.11,1.81,2.16,1.77,2.08
B1,30/10/2019,19:30,Mechelen,St Truiden,1,2,A,1,0,H,15,10,5,4,15,14,3,7,1,3,0,0,1.75,4,4.2,1.75,4.2,4.2,1.77,3.85,3.95,1.78,4.28,4.16,1.75,3.9,4.2,1.75,4.1,4.1,1.83,4.28,4.2,1.76,4.01,4.02,1.53,2.4,1.51,2.63,1.54,2.63,1.5,2.49,-0.75,2,1.85,1.99,1.89,2.04,1.92,1.97,1.86,1.83,3.8,4,1.75,4.2,4.2,1.7,3.95,4.15,1.89,3.78,4.14,1.75,3.9,4.2,1.85,4,3.9,1.95,4.2,4.4,1.82,3.86,3.99,1.53,2.4,1.54,2.57,1.57,2.57,1.51,2.48,-0.5,1.88,1.98,1.89,2.01,1.96,2.12,1.83,2.01
B1,30/10/2019,19:30,Standard,Waasland-Beveren,2,0,H,1,0,H,15,3,8,2,8,17,11,1,1,2,0,0,1.2,6.5,11,1.22,6.25,13.5,1.25,5.7,10,1.23,6.27,14.89,1.22,5.8,13,1.22,6.25,12,1.26,6.5,14.89,1.22,6.08,11.98,1.47,2.6,1.51,2.63,1.51,2.7,1.48,2.57,-1.75,1.93,1.93,1.94,1.94,1.98,2.02,1.9,1.93,1.28,5.5,9,1.25,6.25,11,1.25,5.6,9.7,1.27,6.16,10.5,1.22,5.8,13,1.29,5.75,10,1.3,6.25,11,1.27,5.74,9.55,1.53,2.4,1.53,2.59,1.53,2.6,1.51,2.5,-1.5,1.88,1.98,1.9,2,1.93,2.02,1.85,1.97
B1,30/10/2019,19:30,Waregem,Club Brugge,0,2,A,0,1,A,5,13,2,5,10,13,6,8,1,2,0,0,5.75,4.5,1.45,6.25,4.75,1.48,5.5,4.6,1.47,5.98,4.98,1.49,6,4.75,1.44,6.25,4.75,1.45,6.4,4.98,1.52,5.82,4.65,1.47,1.44,2.7,1.48,2.7,1.48,2.7,1.45,2.64,1,2.07,1.72,2.14,1.76,2.16,1.81,2.1,1.75,7.5,5.25,1.36,6.5,5,1.44,5.7,4.6,1.45,6.97,5.18,1.42,6,4.75,1.44,7,5.2,1.4,7.5,5.25,1.45,6.55,5.02,1.41,1.44,2.7,1.45,2.86,1.45,2.88,1.43,2.74,1.25,1.98,1.88,2.01,1.88,2.02,1.94,1.97,1.87
B1,31/10/2019,19:30,Anderlecht,Gent,3,3,D,1,1,D,10,13,8,7,18,19,4,5,1,2,0,0,2.75,3.6,2.37,2.75,3.6,2.45,2.7,3.45,2.4,2.83,3.68,2.44,2.7,3.5,2.4,2.75,3.6,2.4,2.83,3.68,2.5,2.72,3.51,2.41,1.66,2.15,1.71,2.19,1.73,2.22,1.67,2.15,0,2.05,1.8,2.09,1.8,2.11,1.87,2.04,1.81,2.9,3.75,2.2,2.85,3.6,2.35,2.8,3.5,2.3,3.03,3.69,2.31,2.9,3.6,2.25,3,3.7,2.25,3.05,3.75,2.38,2.89,3.56,2.28,1.65,2.2,1.68,2.27,1.72,2.28,1.66,2.2,0.25,1.9,1.95,1.88,2.01,1.94,2.03,1.86,1.98
B1,02/11/2019,17:00,Eupen,Genk,2,0,H,2,0,H,6,7,2,3,12,13,5,5,0,1,0,0,4.33,3.6,1.8,4.4,3.6,1.83,4,3.55,1.83,4.5,3.83,1.81,4.33,3.6,1.78,4.1,3.7,1.83,4.5,3.83,1.86,4.17,3.64,1.82,1.8,2,1.81,2.06,1.87,2.08,1.79,2,0.75,1.75,2.05,1.84,2.04,1.84,2.14,1.78,2.06,3.5,3.6,2.05,3.7,3.6,2,3.25,3.4,2.1,3.48,3.57,2.14,4.33,3.6,1.78,3.4,3.6,2.1,3.75,3.62,2.19,3.44,3.47,2.07,1.8,2,1.81,2.07,1.85,2.07,1.79,2,0.25,2,1.85,2.05,1.85,2.1,1.9,2.03,1.82
B1,02/11/2019,19:00,Mouscron,Antwerp,3,1,H,0,1,A,8,8,6,6,18,14,5,5,3,1,0,0,3.8,3.6,1.9,3.6,3.7,2,3.55,3.5,1.95,3.61,3.79,2.03,3.6,3.6,1.95,3.7,3.6,1.95,3.8,3.79,2.05,3.55,3.6,1.97,1.8,2,1.81,2.05,1.83,2.14,1.77,2.03,0.5,1.88,1.98,1.86,2.02,1.91,2.02,1.86,1.97,3.6,3.6,1.95,3.6,3.7,2,3.5,3.45,1.97,3.76,3.59,2.04,3.6,3.6,1.95,3.6,3.6,2,3.76,3.75,2.05,3.57,3.55,2,1.8,2,1.83,2.05,1.87,2.07,1.79,2.01,0.5,1.83,2.02,1.86,2.04,1.88,2.06,1.84,2
B1,02/11/2019,19:00,St Truiden,Oostende,1,0,H,0,0,D,5,10,2,6,9,16,4,6,1,3,0,0,1.95,3.8,3.25,2.05,3.9,3.3,2,3.7,3.15,2.12,3.82,3.31,2.05,3.7,3.2,2.05,3.8,3.25,2.12,3.92,3.4,2.05,3.74,3.21,1.47,2.6,1.51,2.62,1.51,2.65,1.48,2.56,-0.25,1.75,2.05,1.85,2.03,1.85,2.12,1.8,2.03,2,3.8,3.1,2,3.9,3.4,1.95,3.7,3.35,2.08,3.92,3.36,2.05,3.7,3.2,2.05,3.8,3.4,2.09,4.1,3.52,2.02,3.8,3.3,1.57,2.35,1.58,2.47,1.59,2.47,1.56,2.37,-0.5,2.02,1.83,2.08,1.83,2.11,1.88,2.02,1.81
B1,02/11/2019,19:00,Waasland-Beveren,Waregem,1,2,A,0,1,A,13,9,5,6,13,8,7,4,2,2,0,0,2.9,3.75,2.2,3.1,3.8,2.15,2.9,3.6,2.2,3.14,3.65,2.26,3,3.6,2.2,2.88,3.7,2.25,3.14,3.8,2.33,2.99,3.59,2.21,1.6,2.3,1.63,2.33,1.65,2.38,1.6,2.3,0.25,1.85,2,1.92,1.96,1.92,2.06,1.87,1.96,2.6,3.75,2.45,2.75,3.75,2.4,2.5,3.5,2.55,2.6,3.64,2.66,3,3.6,2.2,2.5,3.75,2.6,2.75,3.75,2.7,2.58,3.57,2.54,1.6,2.3,1.62,2.39,1.64,2.39,1.6,2.31,0,1.88,1.98,1.93,1.97,2.02,2.02,1.92,1.93
B1,02/11/2019,19:30,Club Brugge,Kortrijk,3,0,H,2,0,H,15,4,8,1,7,22,5,4,0,4,0,0,1.16,7,15,1.18,7.5,14.5,1.2,6.6,11,1.2,7.27,13.76,1.18,6.5,15,1.18,7,15,1.23,7.5,15,1.19,6.95,12.4,1.33,3.4,1.33,3.38,1.35,3.5,1.32,3.24,-2,1.9,1.95,1.95,1.93,1.96,1.98,1.9,1.93,1.25,6,10,1.22,7,11.5,1.2,6.6,11,1.23,6.62,11.67,1.18,6.5,15,1.25,6.5,10.5,1.28,7,13,1.23,6.44,10.41,1.33,3.4,1.35,3.27,1.35,3.5,1.32,3.23,-1.75,1.9,1.95,1.92,1.96,1.96,2.12,1.87,1.98
B1,03/11/2019,13:30,Anderlecht,Cercle Brugge,2,1,H,2,1,H,15,8,13,5,7,16,12,6,1,3,0,0,1.36,5.25,7.5,1.42,5,7,1.38,4.85,6.7,1.38,5.24,7.79,1.35,5,7.5,1.36,5.2,7.5,1.42,5.25,7.79,1.38,5.02,7.17,1.47,2.6,1.47,2.73,1.49,2.73,1.46,2.62,-1.5,2.05,1.75,2.08,1.81,2.11,1.85,2.04,1.79,1.36,5.25,7.5,1.36,5.5,7.5,1.38,4.9,6.7,1.38,5.26,7.81,1.35,5,7.5,1.36,5.4,7.5,1.42,5.5,7.9,1.37,5.12,7.23,1.44,2.7,1.47,2.8,1.48,2.84,1.45,2.66,-1.5,2.02,1.77,2.1,1.81,2.13,1.83,2.06,1.78
B1,03/11/2019,17:00,Gent,Standard,3,1,H,0,1,A,11,14,3,4,13,22,5,4,3,5,1,1,1.75,4,4,1.78,4.1,4.1,1.83,3.8,3.7,1.88,3.91,4.02,1.8,3.9,3.9,1.83,4,3.8,1.89,4.1,4.1,1.83,3.85,3.86,1.53,2.4,1.57,2.46,1.59,2.51,1.54,2.42,-0.5,1.85,2,1.88,2,1.9,2.04,1.84,1.98,1.83,4,3.75,1.85,3.8,4,1.8,3.8,3.8,1.87,3.91,4.1,1.8,3.75,4,1.83,4,4,1.93,4,4.1,1.85,3.81,3.86,1.57,2.35,1.57,2.5,1.57,2.5,1.55,2.4,-0.5,1.83,2.02,1.87,2.03,1.92,2.07,1.85,1.98
B1,03/11/2019,19:00,Mechelen,Charleroi,2,2,D,2,2,D,11,9,5,7,17,19,8,4,2,0,0,0,2.3,3.6,2.8,2.35,3.7,2.85,2.35,3.5,2.75,2.44,3.59,2.88,2.35,3.5,2.8,2.38,3.5,2.8,2.44,3.7,2.9,2.36,3.51,2.79,1.72,2.07,1.79,2.07,1.8,2.17,1.74,2.07,-0.25,2.05,1.75,2.11,1.78,2.13,1.83,2.07,1.77,2.55,3.6,2.5,2.55,3.5,2.7,2.6,3.35,2.5,2.73,3.52,2.6,2.62,3.4,2.55,2.7,3.5,2.55,2.75,3.6,2.7,2.61,3.42,2.58,1.85,1.95,1.87,2.01,1.96,2.05,1.84,1.95,0,2,1.85,2,1.9,2.04,1.95,1.96,1.89
B1,08/11/2019,19:30,Waregem,Anderlecht,1,2,A,0,1,A,11,6,6,5,9,14,5,2,2,1,0,0,3,3.75,2.2,3,3.6,2.3,2.95,3.4,2.25,3.09,3.59,2.31,2.9,3.6,2.25,2.9,3.6,2.3,3.1,3.75,2.33,2.97,3.5,2.26,1.65,2.2,1.71,2.22,1.73,2.23,1.68,2.17,0.25,1.85,2,1.89,2.01,1.89,2.05,1.85,1.99,3.25,3.75,2.1,3.3,3.7,2.1,3.2,3.55,2.05,3.33,3.84,2.11,2.9,3.6,2.25,3.3,3.7,2.1,3.45,3.84,2.33,3.24,3.64,2.09,1.66,2.15,1.65,2.31,1.72,2.31,1.66,2.2,0.25,2.02,1.83,2.05,1.85,2.07,1.87,2.01,1.83
B1,09/11/2019,17:00,Charleroi,Eupen,1,0,H,0,0,D,13,8,7,3,8,9,6,9,0,1,0,0,1.75,3.75,4.33,1.8,3.75,4.4,1.77,3.55,4.3,1.81,3.65,4.73,1.75,3.6,4.5,1.75,3.7,4.5,1.85,3.75,4.73,1.79,3.59,4.35,1.9,1.9,1.97,1.89,1.97,1.96,1.91,1.88,-0.75,2.02,1.83,2.07,1.81,2.09,1.87,2.04,1.8,1.75,3.75,4.33,1.8,3.6,4.75,1.77,3.55,4.3,1.82,3.53,4.93,1.75,3.6,4.5,1.8,3.7,4.5,1.83,3.75,4.93,1.79,3.56,4.49,1.95,1.85,2.01,1.87,2.03,1.92,1.94,1.85,-0.75,2.05,1.8,2.08,1.82,2.11,1.84,2.05,1.8
B1,09/11/2019,19:00,Cercle Brugge,St Truiden,2,1,H,1,0,H,16,12,8,4,14,7,10,7,1,2,0,0,2.37,3.6,2.75,2.45,3.6,2.75,2.45,3.45,2.6,2.47,3.7,2.78,2.38,3.6,2.7,2.45,3.6,2.7,2.51,3.75,2.78,2.44,3.52,2.68,1.57,2.35,1.62,2.36,1.64,2.39,1.59,2.32,0,1.85,2,1.83,2.06,1.89,2.06,1.84,2.01,2.45,3.6,2.62,2.5,3.6,2.75,2.4,3.45,2.65,2.43,3.7,2.83,2.38,3.6,2.7,2.3,3.7,2.9,2.5,3.74,2.95,2.39,3.56,2.76,1.6,2.3,1.65,2.32,1.66,2.38,1.61,2.28,-0.25,2.02,1.83,2.11,1.79,2.16,1.88,2.07,1.78
B1,09/11/2019,19:00,Kortrijk,Waasland-Beveren,1,3,A,0,2,A,9,7,4,6,19,14,5,5,1,4,0,0,1.6,4.33,4.75,1.62,4.1,5.25,1.63,3.9,4.85,1.66,3.99,5.44,1.62,4,5,1.62,4.1,5,1.69,4.33,5.44,1.63,3.95,4.97,1.65,2.2,1.65,2.3,1.67,2.39,1.63,2.24,-0.75,1.83,2.02,1.83,2.05,1.89,2.11,1.81,2.03,1.61,4.33,4.75,1.65,4.1,5.25,1.65,3.9,4.6,1.68,3.97,5.2,1.62,4,5,1.65,4.2,4.8,1.72,4.33,5.25,1.66,3.96,4.84,1.6,2.3,1.6,2.43,1.64,2.44,1.59,2.31,-0.75,1.85,2,1.88,2.02,1.9,2.06,1.85,1.99
B1,09/11/2019,19:30,Oostende,Mouscron,2,2,D,1,0,H,7,14,5,7,10,15,3,7,1,1,0,0,2.6,3.6,2.5,2.65,3.4,2.65,2.5,3.3,2.6,2.58,3.54,2.75,2.5,3.5,2.62,2.55,3.5,2.63,2.65,3.6,2.75,2.52,3.4,2.65,1.75,2.05,1.78,2.09,1.82,2.12,1.77,2.04,0,1.88,1.98,1.88,2,1.97,2.03,1.87,1.97,2.25,3.6,2.9,2.4,3.7,2.85,2.3,3.35,2.85,2.34,3.63,3.01,2.5,3.5,2.62,2.3,3.5,3,2.4,3.7,3.05,2.32,3.5,2.91,1.8,2,1.76,2.13,1.82,2.13,1.76,2.04,-0.25,2,1.85,2.04,1.86,2.06,1.9,2,1.84
B1,10/11/2019,13:30,Antwerp,Club Brugge,2,1,H,0,1,A,9,7,3,4,16,19,4,9,6,3,0,0,3.5,3.6,2,3.5,3.6,2.05,3.25,3.5,2.05,3.53,3.83,2.04,3.25,3.6,2.05,3.4,3.6,2.05,3.53,3.83,2.1,3.36,3.58,2.04,1.66,2.15,1.7,2.2,1.73,2.23,1.67,2.16,0.25,2.05,1.8,2.13,1.77,2.13,1.85,2.06,1.78,3.6,3.6,2,3.6,3.7,2.05,3.35,3.5,2,3.62,3.76,2.03,3.5,3.6,2,3.6,3.6,2,3.65,3.76,2.11,3.48,3.58,2.02,1.66,2.15,1.68,2.26,1.75,2.26,1.67,2.17,0.25,2.1,1.7,2.15,1.77,2.17,1.8,2.1,1.75
B1,10/11/2019,17:00,Genk,Gent,0,2,A,0,1,A,10,8,7,7,19,11,6,2,3,0,0,0,2.37,3.6,2.7,2.4,3.5,2.85,2.35,3.45,2.75,2.39,3.66,2.91,2.3,3.6,2.8,2.38,3.6,2.8,2.45,3.74,2.91,2.37,3.5,2.78,1.6,2.3,1.61,2.38,1.64,2.39,1.6,2.3,-0.25,2.1,1.77,2.07,1.81,2.19,1.85,2.08,1.77,2.3,3.6,2.8,2.45,3.5,2.9,2.3,3.5,2.8,2.35,3.71,2.94,2.3,3.6,2.8,2.38,3.6,2.9,2.45,3.74,3,2.34,3.56,2.84,1.6,2.3,1.65,2.32,1.67,2.38,1.61,2.28,-0.25,2.02,1.83,2.05,1.85,2.1,1.87,2.03,1.82
B1,10/11/2019,19:00,Standard,Mechelen,1,2,A,0,1,A,12,6,3,3,14,15,8,2,1,2,0,0,1.57,4,5.5,1.6,4.25,5.25,1.6,3.95,5,1.61,4.44,5.22,1.62,4,5,1.62,4,5.25,1.66,4.44,5.5,1.6,4.12,5.08,1.65,2.2,1.61,2.37,1.67,2.38,1.61,2.26,-1,2.05,1.8,2.07,1.82,2.13,1.89,2.03,1.81,1.5,4,6.5,1.55,4.6,5.5,1.5,4.2,5.5,1.52,4.66,5.95,1.5,4.33,6,1.5,4.4,6.25,1.59,4.66,6.5,1.52,4.38,5.67,1.57,2.35,1.6,2.42,1.65,2.46,1.59,2.32,-1,1.85,2,1.9,2,2.01,2.07,1.87,1.97
B1,21/11/2019,19:30,Antwerp,Gent,3,2,H,2,1,H,10,12,6,5,20,11,4,4,4,5,0,0,2.8,3.4,2.4,2.7,3.6,2.5,2.65,3.5,2.4,2.78,3.71,2.46,2.62,3.6,2.45,2.7,3.6,2.45,2.8,3.74,2.52,2.69,3.54,2.43,1.61,2.25,1.65,2.33,1.68,2.38,1.62,2.26,0,2.02,1.83,2.07,1.83,2.08,1.87,2.02,1.87,2.75,3.6,2.4,2.85,3.6,2.45,2.65,3.55,2.35,2.79,3.61,2.51,2.62,3.6,2.45,2.75,3.6,2.45,2.87,3.7,2.57,2.71,3.53,2.43,1.6,2.3,1.66,2.31,1.66,2.46,1.6,2.3,0,2.02,1.83,2.05,1.85,2.08,1.92,2.02,1.82
B1,22/11/2019,19:30,Club Brugge,Oostende,2,0,H,1,0,H,17,4,8,2,7,6,9,2,1,0,0,1,1.16,7.5,13,1.19,7.5,14.5,1.15,7.2,14.5,1.14,8.24,19.02,1.15,7,17,1.15,7.5,17,1.19,8.6,19.02,1.16,7.53,15.34,1.4,2.87,1.4,3.04,1.44,3.04,1.39,2.87,-2,1.83,2.02,1.85,2.03,1.88,2.09,1.82,2.02,1.12,9,17,1.15,9.25,16,1.13,8.1,16,1.12,9.28,21.74,1.15,7,17,1.12,9,22,1.19,9.8,22,1.13,8.41,17.69,1.36,3.1,1.35,3.27,1.4,3.35,1.35,3.08,-2.25,1.88,1.98,1.93,1.95,1.98,2.04,1.89,1.95
B1,23/11/2019,17:00,Eupen,Standard,1,2,A,0,1,A,5,15,2,4,19,12,3,2,3,0,0,0,4.5,3.6,1.8,3.9,3.9,1.87,4,3.6,1.8,4.17,3.91,1.85,3.5,3.5,2,4.2,3.7,1.8,4.5,3.91,1.9,4.01,3.7,1.83,1.8,2,1.78,2.09,1.85,2.16,1.77,2.04,0.5,2.02,1.83,2.04,1.85,2.07,1.87,2.01,1.82,4.5,3.6,1.75,4.4,3.8,1.78,4.2,3.55,1.77,4.42,3.82,1.83,3.5,3.5,2,4.5,3.7,1.8,4.6,3.85,1.86,4.26,3.69,1.79,1.9,1.9,1.91,1.98,1.97,2.06,1.86,1.94,0.75,1.77,2.02,1.82,2.08,1.86,2.09,1.8,2.04
B1,23/11/2019,19:00,Mechelen,Waregem,0,2,A,0,1,A,10,15,4,6,12,17,1,6,2,3,0,0,1.8,3.75,4.2,1.83,3.8,4.1,1.8,3.75,3.75,1.83,4.01,3.9,1.88,3.75,3.7,1.83,3.8,4,1.9,4.06,4.2,1.83,3.84,3.85,1.57,2.35,1.52,2.5,1.58,2.5,1.54,2.39,-0.5,1.83,2.02,1.83,2,1.9,2.06,1.83,2,1.66,4,4.75,1.72,4.25,4.25,1.67,3.9,4.35,1.68,4.31,4.38,1.88,3.75,3.7,1.7,4.1,4.6,1.82,4.31,5,1.71,4.02,4.35,1.57,2.35,1.53,2.49,1.59,2.49,1.55,2.39,-0.75,1.88,1.98,1.89,1.95,1.96,2.03,1.91,1.92
B1,23/11/2019,19:00,Waasland-Beveren,Cercle Brugge,1,1,D,1,0,H,6,8,3,7,14,20,2,3,2,3,0,0,2.25,3.4,3.1,2.25,3.7,3,2.2,3.45,2.9,2.34,3.59,3.03,2.15,3.5,3.1,2.25,3.6,3,2.34,3.74,3.1,2.26,3.5,2.96,1.65,2.2,1.68,2.23,1.7,2.3,1.63,2.22,-0.25,1.98,1.88,2.03,1.85,2.03,1.92,1.98,1.85,2.37,3.4,2.9,2.45,3.4,2.85,2.4,3.45,2.65,2.5,3.56,2.82,2.15,3.5,3.1,2.45,3.5,2.8,2.55,3.74,2.9,2.44,3.45,2.75,1.6,2.3,1.64,2.34,1.68,2.42,1.6,2.3,0,1.8,2.05,1.83,2.07,1.87,2.16,1.81,2.04
B1,23/11/2019,19:30,Mouscron,Genk,2,2,D,1,1,D,3,6,2,3,14,10,6,7,1,0,0,0,3.6,3.5,2,3.5,3.6,2.05,3.5,3.35,2,3.67,3.66,2.04,3.4,3.5,2.05,3.5,3.5,2.05,3.67,3.66,2.11,3.49,3.47,2.03,1.9,1.9,1.91,1.96,1.98,1.98,1.89,1.9,0.25,2.07,1.72,2.13,1.76,2.13,1.83,2.07,1.76,3.6,3.5,2,3.75,3.5,2,3.6,3.4,1.97,3.81,3.56,2.04,3.4,3.5,2.05,3.75,3.5,2,3.85,3.63,2.11,3.62,3.47,2,1.9,1.9,1.93,1.96,1.96,1.98,1.88,1.92,0.5,1.83,2.02,1.86,2.04,1.9,2.07,1.83,2
B1,24/11/2019,13:30,Gent,Antwerp,1,1,D,1,0,H,9,10,3,4,15,18,5,2,1,6,0,0,1.95,3.5,3.75,1.95,3.8,3.6,1.93,3.6,3.5,1.96,3.78,3.87,1.88,3.7,3.75,1.95,3.7,3.6,1.98,3.9,3.87,1.93,3.66,3.62,1.6,2.3,1.63,2.34,1.69,2.37,1.61,2.27,-0.5,1.95,1.9,1.95,1.93,1.99,1.94,1.93,1.9,1.85,3.5,4,1.91,3.8,3.8,1.87,3.75,3.6,1.85,4.06,4.02,1.88,3.7,3.75,1.9,3.8,3.9,1.92,4.06,4.06,1.88,3.79,3.76,1.53,2.4,1.54,2.56,1.6,2.56,1.55,2.39,-0.5,1.88,1.98,1.85,2.05,1.93,2.05,1.88,1.95
B1,24/11/2019,17:00,Anderlecht,Kortrijk,0,0,D,0,0,D,19,3,7,3,8,19,9,2,1,3,0,0,1.53,4.2,5.75,1.65,4.1,5,1.57,4,5.1,1.59,4.29,5.66,1.55,4.2,5.5,1.57,4.2,5.5,1.67,4.3,5.75,1.58,4.11,5.21,1.65,2.2,1.68,2.24,1.7,2.3,1.64,2.21,-1,1.98,1.88,2.01,1.87,2.16,1.91,1.98,1.85,1.45,4.33,7,1.48,4.4,6.75,1.48,4.3,5.8,1.51,4.45,6.5,1.47,4.2,6.5,1.5,4.5,6.25,1.54,4.57,7,1.49,4.36,6.2,1.61,2.25,1.64,2.34,1.67,2.36,1.62,2.26,-1,1.85,2,1.85,2.04,1.91,2.13,1.83,2.01
B1,24/11/2019,19:00,St Truiden,Charleroi,1,3,A,0,0,D,7,17,2,7,11,21,6,10,2,0,0,0,2.7,3.4,2.5,2.75,3.5,2.5,2.75,3.3,2.4,2.94,3.43,2.48,2.8,3.4,2.38,2.8,3.4,2.45,2.94,3.67,2.51,2.79,3.35,2.44,1.8,2,1.8,2.06,1.87,2.14,1.79,2.01,0,2.05,1.8,2.11,1.78,2.11,1.86,2.05,1.79,2.9,3.4,2.3,2.75,3.5,2.5,2.75,3.45,2.35,2.86,3.53,2.48,2.75,3.5,2.38,2.8,3.5,2.45,2.9,3.67,2.5,2.79,3.45,2.41,1.65,2.2,1.69,2.24,1.74,2.28,1.68,2.16,0.25,1.72,2.07,1.77,2.15,1.82,2.15,1.76,2.09
B1,29/11/2019,19:30,Antwerp,Mechelen,1,0,H,0,0,D,14,5,7,3,13,15,6,3,1,1,0,0,1.53,4.33,5.5,1.55,4.6,5.25,1.55,4.15,5.3,1.55,4.49,5.73,1.5,4.33,5.8,1.57,4.3,5.25,1.59,4.6,6,1.55,4.31,5.41,1.57,2.35,1.6,2.42,1.61,2.42,1.57,2.33,-1,1.98,1.88,1.97,1.93,2.03,1.95,1.94,1.9,1.57,4.2,5.25,1.55,4.4,5.5,1.57,4,5.2,1.6,4.17,5.67,1.5,4.33,5.8,1.6,4.2,5.5,1.61,4.4,5.9,1.57,4.14,5.37,1.7,2.1,1.72,2.2,1.72,2.46,1.66,2.19,-1,2.02,1.83,2.07,1.83,2.09,1.92,2.01,1.83
B1,30/11/2019,17:00,Club Brugge,Mouscron,1,0,H,1,0,H,9,6,4,1,8,11,9,1,0,2,0,0,1.12,8,19,1.17,7.5,16.5,1.15,7.1,15,1.17,7.49,16.24,1.14,7.5,17,1.14,7.5,18,1.21,8,19,1.16,7.2,15.52,1.47,2.6,1.45,2.77,1.49,2.77,1.46,2.62,-2.25,2.02,1.77,2.11,1.77,2.2,1.81,2.1,1.75,1.12,8,19,1.17,7.5,16.5,1.17,6.8,13,1.16,7.62,18.79,1.14,7.5,17,1.15,8,17,1.21,8,19,1.16,7.33,15.41,1.44,2.7,1.45,2.83,1.48,2.83,1.45,2.65,-2,1.9,1.95,1.93,1.96,2.02,2,1.89,1.95
B1,30/11/2019,19:00,Charleroi,Waasland-Beveren,2,0,H,2,0,H,11,7,6,0,18,9,6,2,1,2,0,0,1.4,4.5,8,1.48,4.5,6.75,1.43,4.35,6.6,1.45,4.62,7.54,1.42,4.33,7.5,1.4,4.5,7.5,1.51,4.62,8,1.44,4.41,6.84,1.72,2.07,1.76,2.12,1.78,2.17,1.72,2.09,-1.25,2,1.85,2.02,1.86,2.06,1.9,1.99,1.84,1.36,4.75,8.5,1.42,4.75,7.5,1.37,4.55,7.6,1.39,5.03,8.27,1.42,4.33,7.5,1.36,4.8,9,1.51,5.03,9,1.38,4.79,7.87,1.7,2.1,1.74,2.18,1.75,2.21,1.71,2.12,-1.25,1.85,2,1.89,2.01,1.92,2.05,1.85,1.98
B1,30/11/2019,19:00,Waregem,Eupen,1,0,H,1,0,H,10,7,6,2,11,22,4,4,2,2,0,0,2,3.5,3.6,2,3.7,3.6,2,3.55,3.35,2.03,3.77,3.64,2,3.6,3.5,2,3.6,3.5,2.12,3.77,3.65,2,3.59,3.44,1.66,2.15,1.67,2.26,1.71,2.28,1.66,2.18,-0.5,2,1.85,2.02,1.86,2.05,1.89,1.99,1.83,1.9,3.6,3.8,1.95,3.6,3.9,1.9,3.65,3.6,1.97,3.76,3.83,2,3.6,3.5,1.93,3.7,3.8,2.12,3.8,4.1,1.93,3.66,3.69,1.72,2.07,1.73,2.18,1.76,2.2,1.7,2.13,-0.5,1.93,1.93,1.97,1.93,1.98,1.97,1.92,1.9
B1,30/11/2019,19:30,Genk,St Truiden,1,2,A,1,2,A,20,6,8,3,7,14,12,1,1,1,0,0,1.33,4.75,9,1.34,5.25,8.75,1.35,4.9,7.6,1.36,5.32,8.56,1.33,5,8.5,1.33,5,8.5,1.41,5.32,9,1.35,5.01,7.97,1.5,2.5,1.53,2.58,1.55,2.61,1.5,2.52,-1.5,2,1.85,2.01,1.88,2.13,1.91,1.98,1.84,1.33,5,9.5,1.34,5.25,8.75,1.33,5,7.8,1.34,5.45,8.77,1.32,5.25,8.5,1.33,5.5,9,1.41,5.6,9.5,1.33,5.26,8.32,1.47,2.6,1.52,2.63,1.53,2.7,1.49,2.57,-1.5,1.98,1.88,2.01,1.89,2.13,1.95,1.95,1.88
B1,01/12/2019,13:30,Oostende,Anderlecht,3,2,H,2,0,H,10,7,5,5,12,9,4,8,2,2,0,0,4,3.5,1.9,3.8,3.7,1.95,3.8,3.65,1.85,4,3.88,1.9,3.75,3.75,1.85,4,3.7,1.87,4,3.88,1.96,3.81,3.68,1.88,1.72,2.07,1.72,2.17,1.78,2.19,1.72,2.1,0.5,1.98,1.88,1.99,1.89,2.02,1.92,1.96,1.86,4.5,3.6,1.75,4.33,3.9,1.78,4.2,3.7,1.75,4.45,4.09,1.76,3.9,3.6,1.85,4.6,3.8,1.75,4.6,4.09,1.81,4.32,3.85,1.75,1.66,2.15,1.7,2.22,1.76,2.29,1.69,2.14,0.75,1.9,1.95,1.91,1.99,1.99,2,1.88,1.95
B1,01/12/2019,17:00,Standard,Cercle Brugge,2,1,H,1,0,H,14,15,11,8,13,17,3,4,1,4,0,0,1.33,5,9,1.34,5.25,8.75,1.35,5,7.2,1.32,5.51,9.78,1.3,5.25,9,1.33,5.2,8.5,1.37,5.51,9.78,1.33,5.21,8.25,1.47,2.6,1.47,2.76,1.49,2.76,1.46,2.61,-1.5,1.98,1.88,1.95,1.93,2.03,1.95,1.94,1.88,1.25,5.5,12,1.26,6,11,1.25,5.7,9.8,1.26,6.33,11.44,1.24,6,11,1.25,6.25,11,1.3,6.5,12,1.25,5.96,10.51,1.44,2.7,1.48,2.75,1.49,2.83,1.45,2.66,-1.75,1.95,1.9,1.95,1.95,2.01,1.96,1.94,1.89
B1,01/12/2019,19:00,Kortrijk,Gent,0,2,A,0,1,A,7,11,4,6,16,15,6,5,3,3,0,0,3.8,3.8,1.85,4,3.9,1.85,3.85,3.9,1.77,4.03,4.21,1.81,3.9,4,1.78,4,3.9,1.8,4.03,4.21,1.85,3.88,3.95,1.8,1.53,2.4,1.53,2.55,1.59,2.55,1.52,2.44,0.75,1.8,2,1.85,2.03,1.85,2.13,1.81,2.02,4.33,3.8,1.75,4.25,4.1,1.75,4.15,3.85,1.73,4.2,4.04,1.82,4.2,3.9,1.73,4.1,4,1.8,4.42,4.2,1.82,4.17,3.96,1.75,1.6,2.3,1.62,2.38,1.62,2.53,1.55,2.38,0.75,1.83,2.02,1.85,2.05,1.94,2.11,1.84,2
