Div,Date,Time,HomeTeam,AwayTeam,FTHG,FTAG,FTR,HTHG,HTAG,HTR,Referee,HS,AS,HST,AST,HF,AF,HC,AC,HY,AY,HR,AR,B365H,B365D,B365A,BWH,BWD,BWA,IWH,IWD,IWA,PSH,PSD,PSA,WHH,WHD,WHA,VCH,VCD,VCA,MaxH,MaxD,MaxA,AvgH,AvgD,AvgA,B365OVER,B365UNDER,POVER,PUNDER,MaxOVER,MaxUNDER,AvgOVER,AvgUNDER,AHh,B365AHH,B365AHA,PAHH,PAHA,MaxAHH,MaxAHA,AvgAHH,AvgAHA,B365CH,B365CD,B365CA,BWCH,BWCD,BWCA,IWCH,IWCD,IWCA,PSCH,PSCD,PSCA,WHCH,WHCD,WHCA,VCCH,VCCD,VCCA,MaxCH,MaxCD,MaxCA,AvgCH,AvgCD,AvgCA,B365COVER,B365CUNDER,PCOVER,PCUNDER,MaxCOVER,MaxCUNDER,AvgCOVER,AvgCUNDER,AHCh,B365CAHH,B365CAHA,PCAHH,PCAHA,MaxCAHH,MaxCAHA,AvgCAHH,AvgCAHA
SC0,03/08/2019,15:00,Celtic,St Johnstone,7,0,H,3,0,H,K Clancy,24,2,11,0,10,10,8,0,0,3,0,0,1.16,6.5,19,1.14,7.25,18.5,1.17,6.6,16.5,1.15,8.42,21.6,1.15,8,15,1.15,7.5,20,1.18,8.42,21.6,1.16,7.16,17.17,1.66,2.2,1.67,2.32,1.7,2.32,1.65,2.21,-2,1.98,1.88,1.99,1.93,2.04,1.93,1.96,1.87,1.16,6.5,19,1.15,7,17.5,1.17,6.6,14,1.15,8.25,23.02,1.14,7.5,19,1.14,7.5,23,1.17,8.25,23.02,1.14,7.22,18.92,1.61,2.3,1.64,2.37,1.7,2.37,1.63,2.25,-2,1.83,2.02,1.87,2.05,1.91,2.05,1.86,1.99
SC0,03/08/2019,15:00,Hibernian,St Mirren,1,0,H,0,0,D,E Anderson,13,14,5,5,4,9,4,5,1,2,0,0,1.44,4,8,1.53,4,6,1.5,3.95,6.3,1.5,4.4,7.13,1.47,4.2,7,1.5,4.2,7,1.54,4.4,8,1.49,4.08,6.58,2,1.8,2.08,1.83,2.15,1.86,2.01,1.79,-1,1.85,2,1.9,2.01,1.91,2.04,1.86,1.97,1.44,4,8,1.44,4,7.75,1.5,4,6.1,1.47,4.55,7.48,1.44,4.2,7.5,1.45,4.2,8,1.5,4.55,8.3,1.46,4.18,7.09,2,1.8,2.09,1.81,2.15,1.83,2.03,1.77,-1,1.8,2.05,1.83,2.09,1.89,2.11,1.82,2.03
SC0,03/08/2019,15:00,Livingston,Motherwell,0,0,D,0,0,D,D Munro,9,10,5,5,12,17,5,10,1,3,0,0,2.62,3.1,2.75,2.8,2.9,2.7,2.7,2.9,2.75,2.82,3.19,2.77,2.7,3.1,2.7,2.8,3.1,2.7,2.82,3.19,2.9,2.71,3.04,2.72,2.5,1.53,2.59,1.55,2.65,1.55,2.53,1.5,0,1.93,1.93,1.98,1.94,1.99,1.97,1.93,1.92,2.5,3.1,2.9,2.55,2.95,2.95,2.4,3.05,2.95,2.47,3.3,3.11,2.4,3.2,3,2.45,3.25,3,2.7,3.35,3.2,2.45,3.16,2.95,2.3,1.61,2.29,1.68,2.48,1.72,2.28,1.62,0,1.77,2.1,1.75,2.21,1.78,2.29,1.73,2.15
SC0,03/08/2019,15:00,Ross County,Hamilton,3,0,H,2,0,H,A Newlands,12,9,6,5,11,11,9,6,0,3,0,0,1.9,3.1,4.5,1.9,3.4,4,1.87,3.25,4.15,1.94,3.62,4.21,1.91,3.5,4,1.91,3.5,4.2,1.97,3.62,4.5,1.91,3.39,4.04,2.2,1.66,2.29,1.68,2.35,1.68,2.23,1.63,-0.5,1.9,1.95,1.94,1.97,1.95,1.99,1.9,1.92,1.6,4,5.75,1.6,3.8,5.5,1.57,3.9,5.5,1.57,4.33,6.09,1.53,4.2,5.8,1.57,4,6,1.65,4.4,6.1,1.56,4.03,5.65,1.8,2,1.87,2.03,2,2.03,1.86,1.93,-1,2.02,1.83,2.06,1.86,2.13,1.87,2.02,1.82
SC0,04/08/2019,13:30,Kilmarnock,Rangers,1,2,A,0,1,A,W Collum,5,14,3,10,12,20,2,7,2,1,0,0,4.75,4,1.66,5,3.9,1.62,5.2,3.75,1.6,5.5,4.24,1.63,5.25,4,1.62,5.4,3.8,1.6,5.5,4.24,1.67,5.14,3.92,1.62,2,1.8,2.04,1.86,2.1,1.86,2,1.8,0.75,1.93,1.93,2.09,1.83,2.13,1.93,2.04,1.8,6.5,4,1.5,6,4,1.53,6.4,3.9,1.5,6.83,4.29,1.53,6.5,4,1.52,7,4,1.53,7.2,4.29,1.66,6.04,3.93,1.55,2.1,1.72,2.16,1.76,2.21,1.8,2.11,1.71,1,1.93,1.93,1.97,1.95,1.98,2.11,1.87,1.98
SC0,04/08/2019,15:00,Aberdeen,Hearts,3,2,H,1,0,H,D Robertson,10,7,5,3,18,22,4,4,4,3,0,1,1.9,3.25,4.2,1.91,3.3,4.1,1.85,3.3,4.2,1.93,3.57,4.37,1.91,3.4,4.2,1.83,3.4,4.2,2,3.57,4.37,1.89,3.37,4.09,2.2,1.66,2.28,1.67,2.3,1.69,2.2,1.64,-0.5,1.9,1.95,1.93,1.99,1.95,2.02,1.88,1.94,1.9,3.4,4,1.85,3.4,4.25,1.9,3.3,4,2.06,3.38,4.04,1.95,3.4,3.9,2,3.4,3.9,2.06,3.45,4.25,1.95,3.34,3.95,2.2,1.66,2.29,1.68,2.3,1.72,2.2,1.65,-0.5,2,1.85,2.06,1.86,2.07,1.91,1.97,1.86
SC0,10/08/2019,12:00,Motherwell,Celtic,2,5,A,1,2,A,N Walsh,11,17,3,5,14,8,5,5,5,0,0,0,9,5,1.33,9.25,5.25,1.3,8.3,4.85,1.33,9.24,5.37,1.35,9,5,1.33,8.5,4.8,1.33,11,5.5,1.36,8.68,5.07,1.32,1.72,2.1,1.74,2.19,1.76,2.25,1.7,2.14,1.5,1.85,2,1.88,2.04,1.89,2.06,1.85,2,9,5,1.33,9.25,5.25,1.3,8.3,4.8,1.33,9.3,5.32,1.35,9.5,5,1.32,9,5,1.36,11,5.32,1.36,8.73,5.08,1.33,1.72,2.1,1.76,2.17,1.8,2.21,1.71,2.12,1.5,1.83,2.02,1.87,2.04,1.88,2.07,1.83,2.02
SC0,10/08/2019,14:00,St Johnstone,Livingston,2,2,D,0,2,A,A Dallas,7,11,4,8,13,18,2,5,1,3,0,0,2.3,3.2,3.1,2.35,3.2,3,2.35,3.05,3.05,2.45,3.25,3.19,2.38,3.2,3.1,2.3,3.13,3.1,2.45,3.25,3.3,2.36,3.14,3.06,2.37,1.57,2.51,1.58,2.51,1.6,2.37,1.56,-0.25,2.02,1.83,2.09,1.83,2.09,1.88,2.03,1.81,2.3,3.2,3.1,2.35,3.1,3.1,2.35,3,3.05,2.51,3.19,3.15,2.45,3.1,3,2.4,3.2,3.1,2.51,3.25,3.3,2.39,3.1,3.07,2.37,1.57,2.52,1.57,2.55,1.6,2.37,1.56,-0.25,2.1,1.77,2.13,1.8,2.13,1.83,2.06,1.79
SC0,10/08/2019,15:00,Hamilton,Kilmarnock,2,0,H,1,0,H,B Madden,4,17,3,6,16,9,1,17,0,1,1,0,4.75,3.6,1.75,4.33,3.5,1.8,4.45,3.45,1.77,4.72,3.79,1.8,4.4,3.6,1.8,4.4,3.6,1.75,4.75,3.8,1.84,4.44,3.55,1.78,2.1,1.72,2.15,1.77,2.25,1.79,2.08,1.73,0.5,2.05,1.8,2.13,1.8,2.13,1.84,2.05,1.78,5.5,3.8,1.61,5,3.7,1.67,5.2,3.65,1.63,5.43,4.13,1.65,5.25,3.9,1.63,5.4,3.8,1.67,5.6,4.15,1.73,5.2,3.75,1.65,2.1,1.72,2.21,1.73,2.25,1.78,2.1,1.72,0.75,2,1.85,2.06,1.86,2.08,1.9,1.98,1.85
SC0,10/08/2019,15:00,Hearts,Ross County,0,0,D,0,0,D,A Muir,7,15,2,3,14,11,8,6,0,3,0,0,1.85,3.5,4.2,1.9,3.5,3.9,1.87,3.4,3.95,1.97,3.5,4.28,1.91,3.4,4.2,1.87,3.5,3.9,1.98,3.55,4.28,1.91,3.43,3.98,2,1.8,2.15,1.77,2.15,1.82,2.03,1.76,-0.5,1.9,1.95,1.97,1.95,1.97,1.99,1.91,1.92,1.66,3.75,5,1.75,3.6,4.5,1.67,3.75,4.6,1.69,4.24,4.87,1.7,3.9,4.6,1.73,3.9,4.6,1.8,4.24,5.1,1.71,3.86,4.54,1.8,2,1.82,2.08,1.9,2.09,1.81,1.98,-0.75,1.93,1.93,1.92,2,2,2.01,1.93,1.91
SC0,11/08/2019,15:00,Rangers,Hibernian,6,1,H,2,1,H,J Beaton,34,6,19,4,8,13,14,2,2,3,0,1,1.45,4.5,6.5,1.5,4.33,5.75,1.48,4.15,6.1,1.51,4.42,6.96,1.47,4.2,7,1.45,4.3,6.5,1.52,4.5,7,1.48,4.27,6.31,1.8,2,1.8,2.1,1.85,2.15,1.77,2.02,-1.25,2.05,1.75,2.17,1.77,2.21,1.8,2.14,1.73,1.28,5.25,10,1.28,5.25,10,1.28,5.2,9.4,1.29,6.17,10.07,1.27,5.5,11,1.3,5.5,9.5,1.32,6.22,11,1.28,5.5,9.74,1.61,2.3,1.62,2.41,1.67,2.41,1.62,2.27,-1.5,1.85,2,1.84,2.08,1.9,2.1,1.85,1.99
SC0,11/08/2019,15:00,St Mirren,Aberdeen,1,0,H,1,0,H,S McLean,10,13,4,4,15,14,3,9,1,2,0,0,4.33,3.5,1.83,4.4,3.3,1.85,4.35,3.4,1.8,4.59,3.64,1.86,4.4,3.5,1.83,4.3,3.5,1.8,4.75,3.8,1.88,4.33,3.43,1.83,2.2,1.66,2.19,1.74,2.25,1.74,2.15,1.68,0.5,2.02,1.83,2.05,1.86,2.07,1.89,2,1.83,3.75,3.2,2.1,3.75,3.2,2.05,3.7,3.1,2.05,3.81,3.22,2.19,3.75,3.2,2.1,3.75,3.25,2.1,3.9,3.25,2.23,3.66,3.13,2.11,2.5,1.53,2.48,1.59,2.58,1.67,2.39,1.56,0.25,2,1.85,2.05,1.86,2.13,1.92,2.03,1.81
SC0,24/08/2019,15:00,Hamilton,Motherwell,1,3,A,1,2,A,A Dallas,3,20,1,7,11,17,2,11,0,1,1,0,3.5,3.4,2.05,3.4,3.3,2.1,3.5,3.3,2.05,3.51,3.7,2.11,3.4,3.5,2.1,3.4,3.4,2.05,3.51,3.7,2.2,3.37,3.42,2.09,2,1.8,2.09,1.81,2.16,1.85,2.05,1.76,0.25,2.05,1.8,2.08,1.83,2.11,1.85,2.04,1.81,4.75,3.6,1.72,4.25,3.5,1.83,4.3,3.6,1.77,4.26,4.01,1.83,4.33,3.9,1.75,4.6,3.8,1.75,4.75,4.01,1.87,4.29,3.74,1.78,1.9,1.9,1.95,1.95,2,1.98,1.92,1.88,0.5,2.1,1.77,2.09,1.83,2.16,1.83,2.09,1.77
SC0,24/08/2019,15:00,Hibernian,St Johnstone,2,2,D,1,0,H,D Robertson,9,18,3,5,17,12,5,5,1,0,0,0,1.7,3.5,5.25,1.65,3.6,5.25,1.67,3.6,4.9,1.74,3.8,5.15,1.73,3.6,5,1.7,3.7,4.6,1.8,3.8,5.25,1.7,3.64,4.87,2,1.8,2.07,1.83,2.2,1.84,2.02,1.77,-0.75,1.98,1.88,2,1.92,2.01,1.95,1.95,1.89,1.55,3.8,6.5,1.67,3.6,5.25,1.57,3.75,5.5,1.61,4.1,5.91,1.6,3.8,5.8,1.6,4,5.75,1.67,4.1,6.5,1.6,3.83,5.63,2,1.8,2.08,1.83,2.2,1.87,2.02,1.78,-0.75,1.77,2.1,1.81,2.12,1.85,2.13,1.78,2.07
SC0,24/08/2019,15:00,Kilmarnock,Aberdeen,0,0,D,0,0,D,A Muir,7,8,1,4,10,15,2,4,3,1,0,0,2.62,3.4,2.6,2.65,3.25,2.6,2.7,3,2.65,2.81,3.25,2.73,2.75,3.2,2.62,2.7,3.13,2.63,2.81,3.4,2.85,2.71,3.14,2.64,2.37,1.57,2.48,1.59,2.51,1.61,2.34,1.57,0,1.95,1.9,1.99,1.93,1.99,1.96,1.94,1.9,2.45,3.2,2.9,2.65,2.95,2.85,2.5,2.9,3,2.6,3.16,3.05,2.55,3,3,2.5,3.1,3.1,2.65,3.2,3.15,2.54,3,2.96,2.75,1.44,2.78,1.48,2.78,1.63,2.6,1.48,-0.25,2.07,1.72,2.2,1.75,2.23,1.77,2.15,1.72
SC0,24/08/2019,15:00,Ross County,Livingston,1,4,A,1,3,A,J Beaton,6,14,2,6,8,8,6,5,1,1,0,0,2.15,3.4,3.3,2.1,3.3,3.4,2.15,3.2,3.35,2.17,3.54,3.48,2.1,3.4,3.4,2.15,3.3,3.3,2.25,3.54,3.5,2.14,3.32,3.33,2.1,1.72,2.17,1.76,2.25,1.76,2.12,1.7,-0.25,1.88,1.98,1.88,2.04,1.92,2.04,1.86,1.98,1.9,3.5,4,2,3.3,3.7,1.95,3.25,3.8,2,3.69,3.9,1.95,3.6,3.75,2,3.5,3.8,2.08,3.69,4,1.98,3.41,3.77,2.1,1.72,2.13,1.78,2.25,1.78,2.1,1.72,-0.5,1.98,1.88,2,1.92,2.04,1.92,1.98,1.86
SC0,25/08/2019,12:15,St Mirren,Rangers,0,1,A,0,0,D,K Clancy,7,15,2,7,9,12,3,6,1,2,0,0,13,6.5,1.2,13.5,6.25,1.19,13,6.1,1.2,15.74,6.71,1.22,15,6.5,1.2,13,6.5,1.18,15.74,6.71,1.23,13.55,6.24,1.2,1.57,2.37,1.6,2.47,1.61,2.47,1.56,2.37,1.75,2.05,1.8,2.09,1.83,2.11,1.87,2.04,1.81,15,6.5,1.18,13.5,6.25,1.19,9.9,5.6,1.25,13.15,5.81,1.27,12,5.8,1.24,13,6.5,1.22,15,6.5,1.3,12.01,5.82,1.24,1.61,2.3,1.64,2.37,1.65,2.41,1.59,2.32,1.75,1.83,2.02,1.86,2.06,2.08,2.11,1.87,1.97
SC0,25/08/2019,15:00,Celtic,Hearts,3,1,H,1,0,H,W Collum,9,5,5,3,13,13,7,3,1,3,0,0,1.22,6.5,11,1.22,5.75,12.5,1.25,5.4,10,1.24,6.56,13.32,1.24,5.5,13,1.25,5.5,10.5,1.27,6.56,14,1.23,5.81,11.75,1.61,2.3,1.65,2.35,1.66,2.35,1.61,2.27,-1.75,2.02,1.83,2.02,1.9,2.06,1.95,1.98,1.86,1.3,5.5,9,1.28,5.25,9.75,1.22,5.5,12,1.31,5.59,10.98,1.29,5.25,11,1.33,5.25,8.5,1.33,6,12,1.3,5.41,9.39,1.61,2.3,1.66,2.33,1.66,2.35,1.61,2.27,-1.5,2.02,1.83,2.05,1.87,2.09,2.08,1.97,1.87
SC0,31/08/2019,15:00,Aberdeen,Ross County,3,0,H,2,0,H,N Walsh,11,7,6,2,17,17,6,2,2,1,0,0,1.61,3.8,5.5,1.62,3.8,5.25,1.63,3.65,5.1,1.66,4.01,5.51,1.65,3.8,5.25,1.65,3.9,5.4,1.71,4.01,6,1.64,3.77,5.22,2,1.8,2.02,1.88,2.05,1.89,1.97,1.83,-0.75,1.83,2.02,1.88,2.04,1.91,2.06,1.84,2,1.66,3.75,5,1.62,3.8,5.25,1.67,3.65,4.85,1.69,3.91,5.37,1.65,3.75,5.25,1.7,3.75,5.2,1.73,3.91,5.6,1.67,3.74,5.09,1.9,1.9,2.01,1.89,2.05,1.92,1.95,1.84,-0.75,1.9,1.95,1.93,1.99,1.96,2.01,1.89,1.95
SC0,31/08/2019,15:00,Hearts,Hamilton,2,2,D,1,0,H,G Aitken,13,14,3,5,12,14,6,8,1,2,0,0,1.4,4.5,8,1.4,4.75,7,1.4,4.45,7.2,1.39,5.23,8.06,1.38,5,7.5,1.4,4.75,8,1.43,5.23,9.5,1.39,4.71,7.51,1.8,2,1.8,2.1,1.83,2.11,1.78,2.02,-1.25,1.93,1.93,1.93,1.98,1.98,1.98,1.91,1.93,1.36,5,8.5,1.33,5.25,7.75,1.36,4.6,7.7,1.38,5.2,8.45,1.36,5,8,1.4,4.8,8,1.41,5.25,9,1.36,4.89,7.91,1.72,2.1,1.79,2.11,1.83,2.12,1.75,2.05,-1.25,1.9,1.95,1.91,2.01,1.93,2.03,1.87,1.97
SC0,31/08/2019,15:00,Livingston,St Mirren,2,1,H,1,0,H,C Steven,11,11,3,5,12,18,4,2,1,3,0,0,1.83,3.5,4.33,1.87,3.5,4,1.85,3.35,4.15,1.9,3.72,4.27,1.83,3.6,4.2,1.85,3.6,4.33,1.95,3.72,4.5,1.87,3.49,4.11,2.1,1.72,2.14,1.77,2.21,1.79,2.09,1.72,-0.5,1.85,2,1.9,2.02,1.9,2.05,1.86,1.97,2,3.4,3.75,1.95,3.4,3.75,2.05,3.25,3.55,2.18,3.42,3.58,2.2,3.3,3.3,2.15,3.4,3.4,2.26,3.45,3.8,2.09,3.33,3.51,2.1,1.72,2.18,1.75,2.2,1.79,2.09,1.72,-0.25,1.85,2,1.88,2.04,1.94,2.1,1.84,2
SC0,31/08/2019,15:00,Motherwell,Hibernian,3,0,H,1,0,H,S McLean,15,8,9,5,10,10,6,3,3,2,0,0,2.3,3.4,3,2.4,3.5,2.7,2.45,3.2,2.75,2.51,3.6,2.83,2.5,3.5,2.7,2.5,3.4,2.8,2.56,3.6,3,2.45,3.37,2.77,2,1.8,2.09,1.81,2.17,1.82,2.06,1.75,0,1.73,2.15,1.84,2.08,1.86,2.15,1.81,2.05,2.6,3.5,2.6,2.5,3.3,2.75,2.55,3.3,2.6,2.66,3.63,2.65,2.6,3.5,2.55,2.63,3.5,2.6,2.73,3.63,2.75,2.57,3.44,2.62,1.9,1.9,1.89,2.01,1.95,2.02,1.89,1.9,0,1.93,1.93,1.96,1.96,2.01,2.02,1.92,1.93
SC0,31/08/2019,15:00,St Johnstone,Kilmarnock,0,1,A,0,1,A,D Munro,11,7,3,3,9,9,5,3,0,4,0,0,3,3.5,2.25,2.9,3.2,2.45,3.05,3.05,2.35,3.25,3.34,2.37,3.1,3.2,2.35,3.13,3.25,2.38,3.25,3.5,2.6,3.06,3.2,2.34,2.3,1.61,2.32,1.67,2.4,1.67,2.27,1.61,0.25,1.83,2.02,1.88,2.03,1.89,2.08,1.83,2.01,2.87,3.3,2.4,3,3.2,2.35,3,2.95,2.45,2.97,3.2,2.63,2.9,3.1,2.55,2.9,3.2,2.55,3.05,3.3,2.64,2.93,3.1,2.5,2.5,1.53,2.59,1.55,2.66,1.57,2.45,1.53,0,2.05,1.8,2.08,1.84,2.14,1.86,2.07,1.79
SC0,01/09/2019,12:00,Rangers,Celtic,0,2,A,0,1,A,B Madden,9,13,2,6,13,10,8,5,1,1,1,0,2.3,3.2,3.1,2.4,3.2,2.9,2.35,3.2,2.95,2.41,3.45,3.08,2.35,3.3,3,2.3,3.4,2.9,2.5,3.45,3.1,2.36,3.27,2.95,2,1.8,2.08,1.82,2.11,1.87,2.02,1.78,-0.25,2.02,1.83,2.08,1.84,2.1,1.88,2.04,1.81,2.25,3.4,3.1,2.3,3.4,3.1,2.2,3.25,3.1,2.37,3.5,3.1,2.25,3.4,3.1,2.25,3.5,3.1,2.38,3.5,3.2,2.27,3.37,3.07,1.9,1.9,1.95,1.95,2.11,1.99,1.94,1.85,-0.25,1.98,1.88,2.05,1.86,2.05,1.94,1.98,1.87
SC0,14/09/2019,12:00,Hamilton,Celtic,0,1,A,0,1,A,D Robertson,3,12,1,2,19,10,1,4,2,0,0,0,15,6.5,1.18,14.5,7,1.16,16.5,7.2,1.15,18.07,8,1.17,19,7.5,1.14,19,7.5,1.15,20,8,1.18,15.82,7.28,1.16,1.5,2.62,1.48,2.81,1.5,2.81,1.47,2.61,2,2.1,1.77,2.09,1.83,2.13,1.85,2.06,1.8,15,6.5,1.18,18,7.5,1.13,20,8.2,1.11,22.4,9.12,1.14,23,8.5,1.11,20,9,1.12,23,9.12,1.18,19.55,8.13,1.13,1.4,3,1.43,2.98,1.5,3,1.43,2.74,2.25,2,1.85,2.04,1.88,2.04,1.93,1.97,1.87
SC0,14/09/2019,15:00,Aberdeen,St Johnstone,1,1,D,1,1,D,S McLean,7,8,2,3,11,13,6,4,0,2,0,0,1.55,4.33,5.5,1.55,4.1,5.5,1.57,3.85,5.5,1.61,3.99,6.23,1.57,3.9,6,1.6,3.9,5.75,1.65,4.33,6.5,1.58,3.9,5.65,2,1.8,2.08,1.82,2.11,1.84,2.01,1.79,-1,2.05,1.8,2.15,1.79,2.15,1.83,2.07,1.78,1.7,3.6,5,1.65,3.6,5,1.7,3.5,4.95,1.74,3.6,5.59,1.7,3.6,5.25,1.73,3.7,5,1.75,3.75,5.85,1.7,3.57,5.1,2.1,1.72,2.23,1.72,2.25,1.78,2.13,1.7,-0.75,1.98,1.88,1.99,1.93,2.01,1.94,1.95,1.89
SC0,14/09/2019,15:00,Hearts,Motherwell,2,3,A,0,1,A,E Anderson,8,10,3,7,18,17,1,4,3,3,0,0,2.2,3.1,3.5,2.2,3.25,3.2,2.25,3.25,3.05,2.33,3.39,3.27,2.25,3.3,3.2,2.25,3.4,3.13,2.33,3.42,3.5,2.25,3.28,3.16,2,1.8,2.04,1.85,2.06,1.9,2,1.81,-0.25,1.98,1.88,2.01,1.91,2.02,1.93,1.97,1.88,2.1,3.3,3.5,2.2,3.3,3.2,2.15,3.3,3.15,2.27,3.46,3.34,2.2,3.4,3.25,2.2,3.4,3.25,2.27,3.48,3.6,2.2,3.35,3.23,1.9,1.9,1.97,1.93,2,1.93,1.93,1.86,-0.25,1.93,1.93,1.96,1.96,1.97,1.98,1.93,1.93
SC0,14/09/2019,15:00,Kilmarnock,Hibernian,2,0,H,0,0,D,K Clancy,12,7,4,3,13,17,3,2,0,1,0,0,2.1,3.2,3.6,2.15,3.25,3.4,2.2,3.15,3.3,2.29,3.44,3.32,2.2,3.3,3.3,2.2,3.3,3.4,2.29,3.5,3.65,2.2,3.26,3.28,2.2,1.66,2.25,1.7,2.3,1.71,2.18,1.66,-0.25,1.93,1.93,1.98,1.94,1.98,1.99,1.92,1.92,2.1,3.2,3.6,2.15,3.25,3.4,2.15,3.15,3.3,2.25,3.45,3.39,2.2,3.3,3.3,2.2,3.3,3.4,2.26,3.5,3.65,2.18,3.28,3.32,2.2,1.66,2.25,1.7,2.3,1.72,2.17,1.67,-0.25,1.9,1.95,1.94,1.97,1.97,1.98,1.91,1.93
SC0,14/09/2019,15:00,Rangers,Livingston,3,1,H,0,0,D,W Collum,23,6,10,2,15,12,9,2,0,1,0,1,1.2,6,15,1.2,6.25,12.5,1.21,5.9,12,1.2,7.07,16.97,1.2,6.5,13,1.2,6.5,15,1.25,7.07,17,1.2,6.34,13.49,1.61,2.3,1.58,2.49,1.63,2.49,1.58,2.35,-1.75,1.85,2,1.87,2.05,1.9,2.05,1.84,2,1.14,7.5,21,1.15,7.25,15.5,1.15,7.4,17.5,1.14,8.74,23.37,1.12,8,21,1.13,8.5,19,1.18,9,23.37,1.14,7.78,18.56,1.5,2.62,1.49,2.77,1.59,2.77,1.49,2.56,-2.25,2.02,1.83,2.05,1.87,2.06,1.93,1.99,1.85
SC0,14/09/2019,15:00,Ross County,St Mirren,2,1,H,0,0,D,C Steven,11,6,5,2,13,12,5,1,2,1,0,0,2.1,3.2,3.6,2.1,3.3,3.4,2.05,3.2,3.5,2.12,3.63,3.53,2.05,3.5,3.5,2.1,3.4,3.5,2.16,3.63,3.6,2.1,3.34,3.45,2.2,1.66,2.22,1.72,2.3,1.73,2.17,1.67,-0.25,1.83,2.02,1.84,2.08,1.88,2.09,1.82,2.03,2.1,3.2,3.6,2.1,3.3,3.4,2.05,3.2,3.5,2.14,3.62,3.51,2.05,3.5,3.5,2.1,3.4,3.5,2.16,3.62,3.65,2.09,3.36,3.47,2.1,1.72,2.15,1.76,2.2,1.8,2.11,1.71,-0.25,1.83,2.02,1.85,2.06,1.86,2.08,1.82,2.03
SC0,21/09/2019,15:00,Livingston,Aberdeen,0,2,A,0,1,A,N Walsh,4,4,2,2,8,13,3,3,2,0,0,0,3.2,3,2.37,3.2,2.95,2.4,3.1,3,2.35,3.18,3.19,2.49,3.1,3.1,2.4,3.1,3.1,2.45,3.2,3.2,2.55,3.08,3.06,2.41,2.5,1.53,2.5,1.58,2.55,1.63,2.42,1.54,0.25,1.8,2.05,1.81,2.11,1.83,2.12,1.78,2.07,2.9,3,2.6,2.9,3.1,2.5,2.85,3,2.5,2.84,3.29,2.68,2.75,3.2,2.6,2.8,3.2,2.6,2.9,3.29,2.75,2.81,3.13,2.57,2.3,1.61,2.38,1.63,2.39,1.64,2.31,1.6,0,2,1.85,2.02,1.9,2.06,1.9,2.01,1.84
SC0,21/09/2019,15:00,Motherwell,Ross County,1,2,A,0,0,D,A Muir,13,10,6,4,12,14,6,4,1,2,1,0,1.8,3.6,4.33,1.8,3.7,4.1,1.77,3.6,4.15,1.83,4.06,4.24,1.83,3.8,4,1.8,3.8,4.3,1.86,4.06,4.5,1.81,3.72,4.09,1.9,1.9,1.89,2.01,1.92,2.01,1.86,1.94,-0.75,2.02,1.77,2.11,1.82,2.13,1.83,2.08,1.78,1.7,3.75,4.75,1.67,3.8,4.75,1.67,3.75,4.7,1.72,4.25,4.62,1.7,4,4.5,1.73,3.9,4.6,1.77,4.25,4.9,1.71,3.89,4.56,1.9,1.9,1.88,2.02,1.92,2.05,1.84,1.96,-0.75,1.95,1.9,1.98,1.94,1.98,1.99,1.94,1.91
SC0,21/09/2019,15:00,St Mirren,Hamilton,0,0,D,0,0,D,D Munro,15,3,2,1,12,6,8,6,1,2,0,1,1.85,3.5,4.2,1.8,3.5,4.4,1.83,3.35,4.25,1.9,3.58,4.48,1.83,3.5,4.4,1.87,3.5,4.3,1.95,3.58,4.5,1.86,3.44,4.24,2.1,1.72,2.21,1.73,2.21,1.8,2.12,1.71,-0.5,1.88,1.98,1.9,2.02,1.91,2.02,1.86,1.98,1.9,3.5,4,1.83,3.5,4.25,1.95,3.25,3.85,2.04,3.4,4.1,1.95,3.4,3.9,2,3.5,3.8,2.04,3.5,4.4,1.96,3.33,3.93,2.1,1.72,2.24,1.71,2.24,1.8,2.13,1.7,-0.5,1.98,1.88,2.04,1.88,2.04,1.91,1.98,1.86
SC0,22/09/2019,12:15,St Johnstone,Rangers,0,4,A,0,0,D,A Dallas,5,17,2,9,14,7,2,7,1,0,0,0,8.5,5,1.33,8.5,5,1.33,8.4,4.85,1.32,9.78,5.19,1.35,9.5,5,1.32,9,5,1.3,10,5.5,1.38,8.83,4.97,1.33,1.72,2.1,1.74,2.2,1.8,2.21,1.72,2.11,1.5,1.85,2,1.88,2.03,1.89,2.07,1.84,2,8,5.25,1.28,8.5,5,1.33,7.2,5,1.35,9.91,5.21,1.35,9.5,5,1.32,9,5.2,1.33,10.3,5.5,1.39,9.01,5.06,1.32,1.72,2.1,1.75,2.18,1.75,2.23,1.7,2.14,1.5,1.8,2.05,1.87,2.04,1.95,2.13,1.85,1.99
SC0,22/09/2019,13:00,Celtic,Kilmarnock,3,1,H,1,1,D,G Aitken,21,6,11,3,9,8,5,4,1,1,0,0,1.28,5.5,10,1.3,5.25,9,1.3,5,9.2,1.27,5.95,12.2,1.27,5.5,11,1.29,5.2,9.5,1.32,5.95,12.2,1.29,5.38,9.77,1.66,2.2,1.71,2.24,1.75,2.24,1.67,2.16,-1.5,1.9,1.95,1.93,1.99,1.95,2,1.9,1.94,1.28,5.5,11,1.3,5.25,9,1.3,5.1,9.3,1.3,5.65,11.17,1.27,5.25,12,1.29,5.5,10.5,1.32,5.65,12,1.29,5.31,10.19,1.72,2.1,1.74,2.2,1.75,2.21,1.69,2.13,-1.5,1.93,1.93,1.95,1.97,1.99,1.97,1.92,1.92
SC0,22/09/2019,15:00,Hibernian,Hearts,1,2,A,0,0,D,J Beaton,14,7,4,3,14,7,7,7,1,1,0,0,2.5,3.4,2.7,2.4,3.3,2.85,2.45,3.25,2.75,2.48,3.49,2.94,2.4,3.4,2.88,2.38,3.4,2.8,2.6,3.49,2.94,2.43,3.34,2.8,1.9,1.9,1.93,1.97,1.98,1.97,1.9,1.89,-0.25,2.07,1.72,2.14,1.79,2.19,1.81,2.11,1.75,2.5,3.4,2.7,2.4,3.3,2.85,2.4,3.3,2.8,2.53,3.43,2.92,2.45,3.4,2.8,2.45,3.4,2.8,2.55,3.48,2.92,2.44,3.35,2.81,1.9,1.9,1.95,1.95,1.95,1.97,1.89,1.9,-0.25,2.07,1.72,2.18,1.76,2.18,1.79,2.11,1.74
SC0,28/09/2019,12:30,Hibernian,Celtic,1,1,D,1,1,D,K Clancy,3,20,2,7,13,14,1,4,3,5,0,0,9,5,1.33,8.5,4.6,1.36,7.5,4.9,1.35,7.81,5.39,1.39,8,5.25,1.35,8.5,5.4,1.33,9,5.5,1.39,7.85,5.01,1.35,1.57,2.37,1.58,2.51,1.63,2.51,1.55,2.4,1.5,1.85,2,1.86,2.06,1.89,2.1,1.83,2.02,11,5,1.25,10.5,5.5,1.26,9.9,5.5,1.25,9.33,6.17,1.31,11,5.8,1.25,9.5,5.75,1.29,11,6.17,1.32,9.49,5.66,1.28,1.53,2.5,1.52,2.65,1.6,2.65,1.51,2.49,1.5,2.02,1.83,2.06,1.86,2.11,1.92,2.01,1.84
SC0,28/09/2019,15:00,Hamilton,Livingston,2,1,H,1,1,D,S McLean,6,7,2,2,15,14,4,7,1,1,0,0,3.5,3.6,2,3.2,3.4,2.15,3.4,3.3,2.05,3.65,3.63,2.08,3.4,3.4,2.1,3.5,3.6,2.05,3.65,3.63,2.15,3.43,3.43,2.07,2,1.8,2.09,1.81,2.15,1.85,2.03,1.78,0.25,2.05,1.8,2.12,1.81,2.12,1.85,2.05,1.79,3,3.5,2.25,3.3,3.4,2.1,3.7,3.25,1.97,3.33,3.3,2.35,3.5,3.2,2.15,3.13,3.3,2.3,3.7,3.5,2.4,3.26,3.22,2.24,2.2,1.66,2.27,1.69,2.31,1.71,2.19,1.66,0.25,1.85,2,1.91,2.01,1.94,2.04,1.87,1.96
SC0,28/09/2019,15:00,Kilmarnock,Ross County,0,0,D,0,0,D,A Newlands,11,10,6,2,10,12,2,4,0,2,0,0,1.8,3.6,4.33,1.75,3.7,4.33,1.75,3.55,4.45,1.81,3.84,4.61,1.78,3.7,4.4,1.75,3.75,4.6,1.85,3.95,4.75,1.77,3.64,4.39,2,1.8,2.02,1.88,2.13,1.88,1.99,1.81,-0.75,2.02,1.83,2.08,1.84,2.08,1.87,2.04,1.81,1.83,3.6,4.2,1.85,3.4,4.25,1.8,3.45,4.2,1.91,3.58,4.45,1.85,3.5,4.33,1.87,3.5,4.3,1.95,3.82,4.58,1.86,3.43,4.26,2.2,1.66,2.25,1.7,2.32,1.77,2.16,1.68,-0.5,1.9,1.95,1.91,2.01,1.96,2.01,1.87,1.96
SC0,28/09/2019,15:00,Rangers,Aberdeen,5,0,H,2,0,H,B Madden,27,4,11,1,9,11,7,1,0,3,0,0,1.3,5.25,9.5,1.28,5.5,9.25,1.32,5,8.2,1.3,5.69,11.05,1.3,5.25,10,1.3,5.5,9.5,1.33,5.7,11.05,1.3,5.29,9.31,1.61,2.3,1.64,2.37,1.65,2.43,1.6,2.31,-1.5,1.95,1.9,1.95,1.97,2,1.97,1.93,1.91,1.33,5.25,8,1.3,5.25,9,1.33,4.8,8.1,1.32,5.45,10.63,1.32,5,9.5,1.33,5.2,9,1.37,5.5,10.63,1.32,5.07,9.06,1.72,2.1,1.69,2.27,1.73,2.27,1.67,2.16,-1.5,2.02,1.83,1.99,1.93,2.07,1.94,1.99,1.85
SC0,28/09/2019,15:00,St Johnstone,Motherwell,0,1,A,0,1,A,G Duncan,6,5,3,1,16,17,6,3,1,3,0,1,2.8,3.4,2.37,2.75,3.5,2.35,2.7,3.35,2.4,2.88,3.63,2.46,2.8,3.4,2.45,2.75,3.5,2.45,3,3.63,2.52,2.78,3.4,2.43,1.8,2,1.88,2.01,1.92,2.05,1.82,1.99,0,2.05,1.8,2.12,1.81,2.12,1.85,2.05,1.81,2.75,3.4,2.4,2.8,3.5,2.35,2.8,3.15,2.45,2.86,3.32,2.64,2.88,3.2,2.5,2.88,3.25,2.5,3,3.55,2.65,2.86,3.22,2.49,2.2,1.66,2.3,1.67,2.32,1.78,2.17,1.68,0,2.05,1.8,2.04,1.88,2.1,1.88,2.05,1.81
SC0,28/09/2019,15:00,St Mirren,Hearts,0,0,D,0,0,D,A Dallas,7,11,0,5,5,12,3,8,1,1,0,0,3.5,3.5,2.05,3.4,3.6,2,3.45,3.35,2.05,3.46,3.57,2.17,3.4,3.4,2.1,3.4,3.5,2.1,3.8,3.67,2.17,3.41,3.46,2.07,1.9,1.9,1.99,1.91,2.05,1.91,1.94,1.85,0.25,2.02,1.83,2.04,1.88,2.08,1.88,2.02,1.81,2.8,3.4,2.5,2.75,3.4,2.4,2.8,3.1,2.45,2.85,3.34,2.63,2.8,3.25,2.5,2.8,3.3,2.55,3.13,3.4,2.65,2.8,3.22,2.52,2.2,1.66,2.18,1.75,2.26,1.75,2.14,1.69,0,2,1.85,2.04,1.88,2.06,1.91,2.01,1.85
SC0,05/10/2019,15:00,Aberdeen,Hibernian,1,1,D,0,0,D,D Robertson,9,9,2,5,12,9,9,5,1,1,2,0,2,3.3,3.75,2.05,3.3,3.6,2.05,3.25,3.5,2.11,3.57,3.63,2.1,3.4,3.5,2.05,3.5,3.5,2.15,3.6,3.75,2.07,3.36,3.48,2.1,1.72,2.21,1.72,2.21,1.77,2.09,1.73,-0.25,1.8,2.05,1.83,2.1,1.84,2.1,1.8,2.04,2,3.4,3.75,1.8,3.4,4.5,1.87,3.25,4.15,2.04,3.35,4.19,1.95,3.3,4,2,3.4,3.9,2.05,3.55,4.5,1.93,3.32,4.1,2.3,1.61,2.35,1.65,2.35,1.69,2.25,1.63,-0.5,2.02,1.83,2.04,1.88,2.06,1.96,1.95,1.87
SC0,05/10/2019,15:00,Hearts,Kilmarnock,0,1,A,0,1,A,A Muir,11,14,3,3,8,9,5,2,0,2,0,0,2.37,3.3,2.9,2.4,3.25,2.9,2.45,3.15,2.8,2.56,3.39,2.91,2.5,3.25,2.8,2.45,3.3,2.9,2.6,3.39,3.05,2.47,3.24,2.83,2.2,1.66,2.2,1.74,2.25,1.75,2.14,1.69,0,1.8,2.05,1.83,2.08,1.84,2.12,1.8,2.05,2.35,3,3.25,2.4,3.2,2.95,2.3,2.95,3.25,2.45,3.11,3.34,2.38,3,3.25,2.38,3.1,3.2,2.48,3.2,3.45,2.37,3.03,3.18,2.75,1.44,2.81,1.47,2.81,1.53,2.63,1.47,-0.25,2.02,1.83,2.08,1.84,2.08,1.86,2.03,1.81
SC0,05/10/2019,15:00,Motherwell,St Mirren,2,0,H,1,0,H,J Beaton,19,14,9,5,7,11,2,9,0,2,0,0,1.8,3.5,4.5,1.78,3.5,4.5,1.77,3.45,4.4,1.82,3.84,4.52,1.78,3.7,4.4,1.75,3.75,4.6,1.86,3.85,4.6,1.8,3.6,4.33,2.05,1.75,2.06,1.85,2.12,1.85,2.03,1.78,-0.5,1.8,2.05,1.82,2.1,1.86,2.13,1.8,2.04,2,3.3,3.75,1.87,3.4,4.1,1.87,3.35,4.1,2.02,3.41,4.17,2,3.5,3.6,2.05,3.4,3.7,2.12,3.6,4.2,1.96,3.36,3.89,2.15,1.66,2.23,1.71,2.35,1.78,2.15,1.7,-0.5,2,1.85,2.02,1.9,2.1,1.98,1.98,1.86
SC0,05/10/2019,15:00,Ross County,St Johnstone,2,2,D,1,1,D,E Anderson,7,17,3,10,14,11,6,12,2,3,0,0,2.37,3.3,2.9,2.45,3.3,2.8,2.4,3.15,2.9,2.5,3.42,2.97,2.45,3.3,2.88,2.45,3.3,2.9,2.55,3.42,3,2.42,3.25,2.89,2.1,1.72,2.11,1.79,2.2,1.82,2.07,1.74,-0.25,2.1,1.77,2.15,1.79,2.15,1.82,2.09,1.76,2.2,3.5,3.1,2.15,3.4,3.25,2.25,3.2,3.1,2.26,3.49,3.32,2.2,3.4,3.2,2.2,3.4,3.25,2.38,3.5,3.4,2.19,3.34,3.23,2.1,1.72,2.11,1.79,2.19,1.81,2.07,1.74,-0.25,1.93,1.93,1.96,1.96,2.06,2.04,1.91,1.93
SC0,06/10/2019,12:00,Livingston,Celtic,2,0,H,0,0,D,W Collum,10,12,4,4,19,11,0,7,3,2,0,1,11,6.5,1.22,11,6.25,1.22,10.5,5.6,1.25,12.32,6.2,1.26,12,5.8,1.24,11.5,6,1.22,13,6.5,1.28,11.01,5.84,1.24,1.57,2.37,1.6,2.47,1.6,2.55,1.56,2.39,1.75,1.88,1.98,1.93,1.99,1.93,2.02,1.87,1.96,11,6.5,1.22,11.5,6.25,1.22,9,5.5,1.27,12.63,5.96,1.27,13,5.5,1.25,12,5.75,1.25,14,6.5,1.28,11.52,5.71,1.24,1.66,2.2,1.69,2.27,1.72,2.28,1.65,2.21,1.75,1.8,2.05,1.86,2.05,1.86,2.09,1.82,2.01
SC0,06/10/2019,15:00,Rangers,Hamilton,5,0,H,2,0,H,N Walsh,23,3,11,0,11,7,8,0,0,1,0,0,1.12,8.5,17,1.12,9,15.5,1.11,8.6,20,1.13,9.42,23.42,1.11,8.5,23,1.09,9,22,1.15,9.5,29,1.11,8.59,20.66,1.44,2.75,1.42,3.03,1.45,3.03,1.41,2.8,-2.5,2.02,1.83,2.07,1.85,2.08,1.87,2.03,1.81,1.1,10,19,1.12,8.75,16.5,1.15,7.2,15,1.11,11.18,27.8,1.08,10,26,1.07,11,29,1.15,11.18,31,1.09,9.61,23.48,1.36,3.2,1.35,3.43,1.42,3.43,1.35,3.1,-2.5,1.88,1.98,1.88,2.04,2.1,2.05,1.88,1.96
SC0,19/10/2019,15:00,Celtic,Ross County,6,0,H,1,0,H,D Robertson,28,2,14,1,11,9,12,0,0,1,0,0,1.16,7,15,1.16,7,15.5,1.15,7.3,16.5,1.15,8.18,23.07,1.12,7.5,23,1.13,8,20,1.17,8.18,23.07,1.14,7.36,18.36,1.53,2.5,1.54,2.6,1.57,2.61,1.52,2.49,-2,1.8,2.05,1.88,2.04,1.88,2.09,1.82,2.01,1.12,9,15,1.1,9,21,1.12,8.5,16,1.09,11.37,36.75,1.07,10,34,1.07,11,31,1.12,11.37,36.75,1.08,9.8,27.15,1.4,3,1.4,3.05,1.44,3.05,1.4,2.85,-2.5,1.88,1.98,1.91,1.99,1.95,2.04,1.88,1.95
SC0,19/10/2019,15:00,Hamilton,Hibernian,1,1,D,0,1,A,J Beaton,6,10,2,3,9,13,6,8,1,1,0,0,4.33,3.5,1.83,4,3.4,1.9,3.9,3.35,1.9,4.04,3.7,1.96,3.9,3.6,1.91,4,3.6,1.9,4.33,3.7,2,3.91,3.47,1.91,2,1.8,2.03,1.87,2.08,1.87,1.99,1.81,0.5,1.93,1.93,1.96,1.96,1.97,1.97,1.91,1.91,3.6,3.5,2,3.6,3.4,2,3.4,3.3,2.1,3.89,3.78,1.97,3.6,3.5,2,3.6,3.5,2.05,4,3.78,2.15,3.65,3.46,1.99,2,1.8,2.03,1.87,2.1,1.87,2,1.8,0.5,1.9,1.95,1.94,1.97,1.95,2.09,1.87,1.97
SC0,19/10/2019,15:00,Kilmarnock,Livingston,2,1,H,1,0,H,S McLean,11,10,4,3,12,17,2,2,2,2,0,0,1.85,3.4,4.2,1.91,3.5,3.8,1.9,3.2,4.05,2,3.62,3.99,1.91,3.5,4,1.91,3.4,4.2,2,3.62,4.2,1.93,3.38,3.96,2.3,1.61,2.31,1.67,2.38,1.67,2.27,1.61,-0.5,1.93,1.93,2,1.93,2,1.96,1.93,1.89,2,3.25,3.8,2.05,3.2,3.75,2.1,2.95,3.7,2.14,3.31,3.83,2.1,3.2,3.7,2.1,3.1,3.9,2.25,3.31,4.1,2.11,3.12,3.71,2.62,1.5,2.68,1.52,2.8,1.52,2.61,1.48,-0.25,1.77,2.1,1.83,2.09,1.87,2.14,1.8,2.05
SC0,19/10/2019,15:00,Motherwell,Aberdeen,0,3,A,0,1,A,E Anderson,12,12,6,6,9,12,2,5,1,2,0,0,2.37,3.5,2.8,2.4,3.2,2.95,2.4,3.05,3,2.43,3.39,3.09,2.38,3.25,3,2.4,3.25,3,2.55,3.5,3.09,2.4,3.21,2.98,2.3,1.61,2.35,1.65,2.38,1.68,2.28,1.61,-0.25,2.05,1.8,2.09,1.83,2.13,1.84,2.06,1.78,2.37,3.5,2.8,2.25,3.25,3.1,2.35,3.05,3.05,2.49,3.27,3.11,2.4,3.2,3,2.45,3.2,3,2.55,3.5,3.15,2.41,3.16,3.02,2.3,1.61,2.4,1.63,2.4,1.68,2.3,1.61,-0.25,2.1,1.77,2.12,1.81,2.14,1.81,2.09,1.77
SC0,19/10/2019,15:00,St Mirren,St Johnstone,2,0,H,1,0,H,N Walsh,12,10,5,2,17,18,6,1,1,2,0,0,2.7,3.1,2.7,2.75,3.25,2.5,2.7,3.1,2.6,2.83,3.45,2.59,2.7,3.3,2.6,2.75,3.25,2.6,2.83,3.45,2.75,2.71,3.23,2.58,2.2,1.66,2.21,1.73,2.33,1.73,2.19,1.66,0,1.98,1.88,2.05,1.87,2.05,1.99,1.97,1.87,2.6,3.1,2.8,2.75,3.25,2.5,2.6,3.1,2.7,2.72,3.36,2.75,2.62,3.2,2.7,2.6,3.25,2.75,2.8,3.36,2.82,2.65,3.19,2.68,2.2,1.66,2.31,1.67,2.31,1.7,2.22,1.65,0,1.88,1.98,1.94,1.97,1.94,2.02,1.9,1.94
SC0,20/10/2019,12:15,Hearts,Rangers,1,1,D,1,1,D,K Clancy,6,6,4,1,15,14,2,9,4,4,0,0,7.5,4.75,1.4,6.75,4.6,1.42,7.8,4.6,1.36,7.8,5.22,1.4,8,5,1.36,7.5,4.75,1.36,8.4,5.22,1.42,7.56,4.82,1.38,1.72,2.1,1.74,2.2,1.8,2.21,1.72,2.1,1.25,2,1.85,2.05,1.86,2.05,1.89,1.99,1.85,8.5,5,1.36,7.5,5,1.36,7.3,4.4,1.4,8.17,5.08,1.4,8,4.8,1.38,7.5,4.8,1.4,9,5.08,1.42,7.65,4.83,1.37,1.66,2.2,1.69,2.28,1.74,2.3,1.66,2.2,1.25,1.93,1.93,2,1.92,2.11,1.96,1.97,1.88
SC0,26/10/2019,15:00,Hibernian,Ross County,2,2,D,0,0,D,S McLean,13,7,6,3,15,10,5,5,1,1,0,0,1.72,3.6,4.75,1.75,3.6,4.6,1.75,3.65,4.25,1.74,4.3,4.49,1.7,4,4.4,1.73,3.9,4.6,1.8,4.3,4.75,1.74,3.85,4.35,1.8,2,1.74,2.19,1.81,2.2,1.75,2.07,-0.75,1.95,1.9,1.98,1.94,2.02,1.95,1.95,1.88,1.6,4.33,4.75,1.62,4.1,4.75,1.6,3.95,5,1.62,4.35,5.4,1.6,4.2,5.25,1.62,4.2,5,1.7,4.38,5.6,1.61,4.09,5.03,1.66,2.2,1.68,2.28,1.77,2.3,1.68,2.18,-1,2.05,1.8,2.1,1.82,2.14,1.84,2.07,1.78
SC0,26/10/2019,15:00,Kilmarnock,St Mirren,1,0,H,0,0,D,W Collum,5,9,3,3,11,13,3,4,0,0,0,0,1.75,3.4,5,1.8,3.4,4.5,1.8,3.25,4.6,1.83,3.56,4.9,1.83,3.4,4.6,1.8,3.4,5,1.86,3.56,5,1.81,3.36,4.64,2.5,1.53,2.53,1.57,2.6,1.58,2.46,1.53,-0.5,1.8,2.05,1.83,2.09,1.85,2.11,1.81,2.03,1.8,3.4,4.5,1.8,3.4,4.5,1.75,3.25,4.95,1.84,3.49,5,1.78,3.3,5,1.8,3.4,4.8,1.85,3.5,5.2,1.8,3.33,4.76,2.5,1.53,2.62,1.54,2.62,1.55,2.51,1.51,-0.5,1.83,2.02,1.84,2.08,1.86,2.09,1.8,2.03
SC0,26/10/2019,15:00,Livingston,Hearts,0,0,D,0,0,D,G Aitken,4,10,2,6,13,11,5,3,4,3,1,0,2.6,3.2,2.7,2.5,3.3,2.7,2.6,3.15,2.65,2.77,3.38,2.68,2.7,3.25,2.62,2.63,3.3,2.7,2.77,3.4,2.85,2.62,3.23,2.66,2.2,1.66,2.25,1.7,2.25,1.77,2.14,1.69,0,1.9,1.95,1.99,1.93,1.99,1.98,1.91,1.93,2.45,3.2,2.9,2.6,3.2,2.7,2.55,3.1,2.75,2.51,3.35,3.01,2.5,3.25,2.8,2.5,3.25,2.88,2.7,3.4,3.01,2.54,3.19,2.79,2.2,1.66,2.28,1.69,2.29,1.7,2.2,1.66,0,1.8,2.05,1.78,2.15,1.89,2.15,1.83,2.02
SC0,26/10/2019,15:00,St Johnstone,Hamilton,3,2,H,1,1,D,A Muir,20,4,5,2,15,16,10,3,0,1,0,0,1.7,3.75,4.75,1.67,3.8,4.75,1.77,3.5,4.3,1.78,3.94,4.67,1.75,3.75,4.5,1.75,3.75,4.6,1.82,4,4.75,1.76,3.66,4.48,2,1.8,2.11,1.79,2.2,1.86,2,1.79,-0.75,2,1.85,2.04,1.88,2.07,1.88,2.01,1.83,1.66,3.75,5,1.67,3.8,4.75,1.67,3.4,5.3,1.74,3.79,5.22,1.7,3.6,5.25,1.7,3.6,5.4,1.75,4,5.5,1.7,3.61,5.07,2.37,1.57,2.42,1.62,2.45,1.63,2.34,1.58,-0.75,1.98,1.88,2,1.93,2,1.94,1.94,1.89
SC0,27/10/2019,12:15,Aberdeen,Celtic,0,4,A,0,4,A,J Beaton,1,15,0,5,13,8,2,8,1,0,0,0,8.5,5,1.33,8,4.75,1.36,7.8,4.4,1.38,8.17,5.05,1.4,8.5,4.8,1.36,8.5,4.5,1.36,9,5.05,1.42,7.95,4.65,1.38,1.9,1.9,1.89,2.01,1.93,2.01,1.85,1.94,1.25,1.95,1.9,1.99,1.93,2,1.99,1.94,1.9,7.5,4,1.5,6.75,3.9,1.5,7,4,1.45,7.43,4,1.54,7,4,1.5,6.5,4.1,1.53,8,4.5,1.55,6.81,4.04,1.5,2,1.8,2.01,1.88,2.03,1.96,1.94,1.86,1,1.93,1.93,1.96,1.96,2.1,1.97,1.97,1.87
SC0,27/10/2019,15:00,Rangers,Motherwell,2,1,H,1,1,D,A Dallas,19,4,6,1,10,10,5,1,0,3,0,0,1.18,7,13,1.25,6,10,1.22,5.9,11,1.23,7.04,12.63,1.2,6.5,13,1.2,6.25,12,1.26,7.5,15.5,1.22,6.35,11.51,1.53,2.5,1.53,2.65,1.55,2.75,1.52,2.51,-1.75,1.85,2,1.85,2.06,1.97,2.06,1.86,1.98,1.16,7,11,1.16,7.25,15,1.2,6.5,11,1.18,7.65,15.87,1.18,7,15,1.17,7.5,15,1.21,8.5,19,1.17,7.13,13.83,1.4,3,1.41,3.04,1.45,3.04,1.41,2.86,-2,1.88,1.98,1.88,2.02,1.93,2.03,1.89,1.96
SC0,30/10/2019,19:45,Celtic,St Mirren,2,0,H,0,0,D,K Clancy,24,5,9,1,9,5,4,1,0,1,0,0,1.1,9,23,1.08,9.75,23,1.08,10,27,1.08,12.23,41.6,1.06,11,36,1.07,11.5,29,1.1,13,41.6,1.07,10.23,29.4,1.4,3,1.41,3.01,1.46,3.01,1.4,2.84,-2.5,1.88,1.98,1.9,2,1.94,2.03,1.86,1.97,1.11,9,19,1.11,9.25,17,1.12,8.5,16,1.11,9.57,28.38,1.1,9,26,1.13,8.5,21,1.14,10,28.38,1.11,8.55,21.35,1.5,2.62,1.51,2.66,1.51,2.9,1.47,2.62,-2.25,2,1.85,2.05,1.85,2.05,1.92,1.97,1.86
SC0,30/10/2019,19:45,Hamilton,Aberdeen,0,1,A,0,1,A,W Collum,6,12,2,4,17,23,3,11,1,1,0,0,5,3.4,1.75,5,3.4,1.75,4.6,3.4,1.77,4.98,3.67,1.79,4.8,3.6,1.75,5,3.5,1.75,5,3.67,1.82,4.72,3.48,1.76,2.2,1.66,2.23,1.71,2.25,1.8,2.18,1.66,0.75,1.85,2,1.87,2.05,1.88,2.05,1.83,2,5.75,4.2,1.55,5,3.9,1.62,5.7,3.7,1.57,5.95,4.13,1.61,6,3.9,1.57,6.25,3.9,1.57,6.25,4.2,1.7,5.69,3.88,1.58,2.1,1.72,2.18,1.75,2.2,1.8,2.12,1.7,1,1.77,2.02,1.81,2.11,1.84,2.12,1.79,2.05
SC0,30/10/2019,19:45,Hibernian,Livingston,2,2,D,0,2,A,G Duncan,17,12,8,4,10,13,10,5,1,1,0,0,1.85,3.5,4.2,1.85,3.4,4.2,1.87,3.4,4,1.92,3.83,4.07,1.85,3.7,4,1.87,3.5,4.2,1.95,3.83,4.2,1.87,3.53,3.99,2.1,1.72,2.1,1.81,2.2,1.81,2.07,1.74,-0.5,1.9,1.95,1.92,2,1.94,2.01,1.87,1.95,2.2,3.3,3.3,2.1,3.3,3.4,2.2,3.2,3.15,2.35,3.36,3.27,2.25,3.25,3.2,2.3,3.3,3.13,2.38,3.4,3.4,2.25,3.26,3.18,2.1,1.72,2.14,1.78,2.19,1.8,2.08,1.74,-0.25,2,1.85,2.02,1.9,2.05,1.94,1.97,1.87
SC0,30/10/2019,19:45,Motherwell,Kilmarnock,2,1,H,1,1,D,D Robertson,14,8,4,3,13,8,8,7,1,2,0,1,2.4,3.1,3,2.4,3.1,3,2.45,3.05,2.95,2.41,3.34,3.17,2.35,3.2,3.1,2.4,3.13,3.13,2.45,3.34,3.25,2.39,3.14,3.03,2.5,1.53,2.51,1.58,2.6,1.6,2.4,1.55,-0.25,2.05,1.8,2.07,1.85,2.13,1.85,2.05,1.8,2.25,3.1,3.3,2.2,3.1,3.4,2.25,3.05,3.25,2.37,3.23,3.36,2.3,3.1,3.3,2.38,3.2,3.13,2.39,3.3,3.4,2.28,3.13,3.25,2.5,1.53,2.52,1.57,2.6,1.58,2.45,1.54,-0.25,2.02,1.83,2.02,1.89,2.08,1.89,1.99,1.85
SC0,30/10/2019,19:45,Ross County,Rangers,0,4,A,0,3,A,B Madden,2,20,0,6,15,10,0,9,1,0,0,0,11,5.75,1.25,10,6,1.25,9.6,5.7,1.25,10.26,6.31,1.28,11,5.8,1.25,11.5,6,1.25,11.5,6.31,1.32,9.81,5.87,1.26,1.53,2.5,1.53,2.64,1.57,2.64,1.51,2.51,1.75,1.82,1.97,1.92,2,1.94,2.02,1.87,1.96,13,6.5,1.2,12,6.5,1.2,9,6,1.25,15.79,7.74,1.19,15,7.5,1.17,15,7.5,1.17,16,7.74,1.25,13.53,7.03,1.18,1.4,3,1.43,2.98,1.47,3,1.42,2.79,2,1.98,1.88,1.99,1.93,2.03,2.1,1.95,1.9
SC0,30/10/2019,19:45,St Johnstone,Hearts,1,0,H,0,0,D,D Munro,7,3,3,1,8,21,4,4,1,4,0,0,2.55,3.25,2.75,2.65,3,2.75,2.6,3.1,2.7,2.72,3.34,2.76,2.62,3.2,2.7,2.6,3.25,2.75,2.72,3.35,2.8,2.6,3.17,2.71,2.2,1.66,2.3,1.68,2.3,1.75,2.2,1.65,0,1.88,1.98,1.95,1.97,1.95,2.02,1.88,1.97,2.55,3.25,2.75,2.65,3,2.75,2.55,3.1,2.7,2.64,3.36,2.83,2.55,3.25,2.75,2.55,3.25,2.8,2.7,3.36,2.86,2.56,3.21,2.75,2.2,1.66,2.24,1.71,2.29,1.75,2.17,1.67,0,1.85,2,1.88,2.03,1.9,2.05,1.85,2
SC0,02/11/2019,15:00,Aberdeen,Kilmarnock,3,0,H,2,0,H,K Clancy,12,6,6,3,10,14,6,3,2,1,0,0,2.1,3.3,3.5,2.1,3.3,3.4,2.1,3.1,3.55,2.2,3.28,3.7,2.15,3.2,3.6,2.15,3.25,3.6,2.2,3.3,3.7,2.13,3.2,3.5,2.5,1.53,2.62,1.53,2.62,1.56,2.45,1.53,-0.25,1.83,2.02,1.88,2.04,1.88,2.08,1.83,2.01,1.72,3.5,5,1.75,3.5,4.6,1.7,3.3,5.2,1.77,3.6,5.31,1.78,3.4,5,1.73,3.5,5.2,1.87,3.65,5.4,1.76,3.46,4.84,2.5,1.53,2.53,1.57,2.62,1.57,2.45,1.53,-0.5,1.72,2.07,1.77,2.17,2.08,2.21,1.76,2.09
SC0,02/11/2019,15:00,Hamilton,Ross County,2,2,D,0,1,A,C Steven,9,9,3,5,16,17,8,6,2,3,1,0,2.6,3.4,2.6,2.55,3.3,2.65,2.55,3.2,2.65,2.65,3.53,2.71,2.6,3.4,2.62,2.63,3.4,2.63,2.65,3.53,2.71,2.57,3.33,2.64,2,1.8,2.05,1.85,2.12,1.86,2.01,1.79,0,1.9,1.95,1.94,1.98,1.97,1.99,1.9,1.94,2.87,3.4,2.4,2.75,3.3,2.45,2.85,3.25,2.35,2.98,3.52,2.44,2.9,3.4,2.35,2.9,3.4,2.38,3.1,3.52,2.45,2.86,3.34,2.39,2,1.8,2.05,1.85,2.08,1.86,1.99,1.8,0.25,1.8,2.05,1.81,2.11,1.87,2.14,1.78,2.07
SC0,02/11/2019,15:00,Motherwell,Livingston,2,1,H,0,0,D,E Anderson,10,9,5,5,12,11,3,5,1,2,0,0,1.85,3.6,4,1.87,3.6,3.9,1.9,3.35,3.85,1.97,3.65,4.07,1.95,3.5,3.8,1.93,3.6,3.9,1.97,3.65,4.07,1.93,3.48,3.87,2,1.8,2.03,1.87,2.05,1.88,1.99,1.82,-0.5,1.93,1.93,1.97,1.95,1.98,1.97,1.93,1.9,2,3.5,3.6,2.05,3.4,3.5,2,3.35,3.5,2.06,3.58,3.78,2,3.4,3.7,2.05,3.5,3.6,2.08,3.6,3.8,2.03,3.43,3.55,2,1.8,2,1.9,2.05,1.91,1.97,1.82,-0.5,2.05,1.8,2.06,1.86,2.09,1.86,2.04,1.8
SC0,09/11/2019,15:00,Hearts,St Mirren,5,2,H,3,2,H,E Anderson,11,13,6,5,16,6,8,4,0,0,0,0,1.9,3.4,4,1.91,3.5,3.8,1.9,3.3,4,2,3.5,4.16,1.95,3.4,4,1.91,3.4,4.2,2.01,3.55,4.45,1.93,3.36,4,2.3,1.61,2.36,1.65,2.36,1.69,2.26,1.63,-0.5,1.93,1.93,2,1.93,2,1.96,1.92,1.91,1.9,3.4,4,1.91,3.5,3.8,1.9,3.15,4.15,1.95,3.47,4.4,1.91,3.4,4.2,1.91,3.3,4.3,1.98,3.55,4.5,1.91,3.33,4.15,2.37,1.57,2.46,1.6,2.46,1.65,2.35,1.58,-0.5,1.93,1.93,1.95,1.97,1.96,1.97,1.91,1.92
SC0,09/11/2019,15:00,Kilmarnock,Hamilton,2,2,D,1,2,A,G Duncan,16,5,6,3,11,8,12,4,1,2,0,1,1.53,4,6,1.6,4,5.25,1.57,3.6,5.9,1.58,4.04,6.52,1.55,3.8,6.5,1.57,3.9,6.25,1.65,4.04,6.52,1.58,3.78,5.92,2.2,1.65,2.35,1.65,2.35,1.84,2.22,1.65,-1,2.02,1.77,2.12,1.81,2.17,1.83,2.08,1.77,1.6,3.8,5.5,1.6,4,5.25,1.6,3.55,5.7,1.63,3.93,6.05,1.6,3.75,6,1.6,3.8,6,1.65,4,6.45,1.61,3.73,5.77,2.15,1.66,2.25,1.7,2.28,1.71,2.18,1.66,-0.75,1.8,2.05,1.83,2.09,1.85,2.11,1.79,2.05
SC0,09/11/2019,15:00,Ross County,Aberdeen,1,3,A,1,1,D,A Newlands,4,15,3,6,13,13,3,7,2,1,0,0,4.5,3.6,1.8,4.2,3.5,1.83,4.3,3.55,1.77,4.62,3.92,1.79,4.33,3.7,1.78,4.3,3.75,1.8,4.75,3.92,1.85,4.35,3.62,1.79,1.9,1.9,1.99,1.91,2,1.97,1.92,1.88,0.75,1.77,2.02,1.88,2.04,1.88,2.11,1.81,2.02,4.33,3.6,1.8,4.4,3.7,1.75,4.1,3.45,1.83,4.41,3.75,1.86,4.2,3.6,1.83,4.2,3.7,1.83,4.65,3.85,1.89,4.21,3.58,1.82,1.9,1.9,1.99,1.91,1.99,1.95,1.93,1.87,0.5,2,1.85,2.05,1.86,2.06,1.87,2,1.83
SC0,09/11/2019,15:00,St Johnstone,Hibernian,1,4,A,0,2,A,A Dallas,7,15,3,6,9,7,4,4,1,0,0,0,2.4,3.4,2.8,2.4,3.4,2.8,2.4,3.2,2.85,2.43,3.47,3.04,2.4,3.3,2.9,2.38,3.4,2.9,2.55,3.49,3.04,2.4,3.3,2.89,2,1.8,2.13,1.78,2.13,2,2.03,1.77,-0.25,2.05,1.75,2.09,1.83,2.13,1.87,2.07,1.78,2.3,3.4,3,2.4,3.4,2.8,2.35,3.15,2.95,2.42,3.53,3,2.35,3.3,3,2.38,3.4,3,2.55,3.53,3.15,2.37,3.31,2.95,2.1,1.72,2.12,1.79,2.2,2,2.06,1.76,-0.25,2.02,1.83,2.09,1.83,2.15,1.87,2.03,1.81
SC0,10/11/2019,15:00,Celtic,Motherwell,2,0,H,1,0,H,A Muir,16,5,7,0,7,12,8,5,0,1,0,0,1.2,6.5,13,1.19,6.5,13,1.18,6.5,14,1.2,6.97,15.75,1.18,7,15,1.17,6.5,15,1.23,7.3,17,1.18,6.63,13.91,1.57,2.37,1.63,2.37,1.63,2.6,1.57,2.36,-2,2,1.85,2.1,1.81,2.15,1.89,2.02,1.83,1.14,8,17,1.1,9,20,1.1,8.8,20,1.11,9.84,27.49,1.1,9,26,1.11,9.5,21,1.14,9.84,28,1.11,8.78,19.95,1.4,3,1.42,2.97,1.44,3.05,1.4,2.85,-2.25,1.85,2,1.9,2,1.91,2.07,1.85,2
SC0,10/11/2019,15:00,Livingston,Rangers,0,2,A,0,1,A,N Walsh,5,13,2,4,17,10,1,4,3,0,0,0,13,5.5,1.25,10.5,5.25,1.28,10,5.5,1.25,10.69,5.94,1.29,11,5.8,1.25,11,5.75,1.22,13,6.2,1.3,10.33,5.69,1.26,1.57,2.37,1.59,2.48,1.67,2.53,1.56,2.38,1.5,2.05,1.75,2.11,1.81,2.14,1.85,2.06,1.78,11,5.25,1.28,9.5,5.5,1.28,8.4,5.2,1.3,10.05,5.76,1.3,9.5,5.5,1.29,10.5,5.5,1.29,11,6,1.33,9.38,5.46,1.29,1.57,2.37,1.59,2.45,1.64,2.51,1.57,2.36,1.5,2.02,1.83,2.02,1.88,2.06,1.93,1.98,1.86
SC0,23/11/2019,15:00,Celtic,Livingston,4,0,H,1,0,H,A Dallas,24,2,12,1,1,9,9,1,1,2,0,0,1.12,8.5,17,1.13,7.5,20,1.1,9,22,1.11,9.59,24.55,1.1,9,26,1.09,9.5,29,1.15,9.75,31,1.1,8.67,21.98,1.53,2.5,1.47,2.73,1.56,2.73,1.49,2.54,-2.25,1.8,2.05,1.83,2.05,1.89,2.11,1.82,2.01,1.12,8.5,17,1.11,8,23,1.15,7.2,15,1.11,9.26,27.06,1.1,9,26,1.12,8.5,22,1.15,9.5,27.06,1.11,8.37,21.67,1.53,2.5,1.49,2.67,1.56,2.67,1.5,2.53,-2.25,1.95,1.9,1.95,1.93,2,1.95,1.93,1.9
SC0,23/11/2019,15:00,Hibernian,Motherwell,3,1,H,2,1,H,J Beaton,10,11,6,4,14,10,1,10,3,2,0,0,2.25,3.5,3,2.25,3.4,3,2.3,3.25,2.95,2.43,3.43,3.07,2.35,3.3,3,2.3,3.5,3,2.43,3.55,3.15,2.32,3.32,2.98,2,1.8,2.02,1.88,2.09,1.9,1.98,1.83,-0.25,2.02,1.83,2.09,1.83,2.09,1.88,2.03,1.82,2.05,3.5,3.5,2,3.5,3.5,2.05,3.45,3.3,2.07,3.72,3.62,2.05,3.5,3.5,2.05,3.6,3.5,2.18,3.72,3.62,2.07,3.52,3.38,1.8,2,1.79,2.11,1.85,2.11,1.78,2.03,-0.25,1.75,2.05,1.79,2.13,1.87,2.16,1.8,2.05
SC0,23/11/2019,15:00,Kilmarnock,Hearts,3,0,H,3,0,H,B Madden,9,11,7,2,10,13,7,6,1,0,0,0,2.45,3.1,3,2.3,3.2,3.1,2.4,3,3,2.5,3.33,3.04,2.45,3.2,3,2.45,3.2,3,2.5,3.33,3.28,2.4,3.13,3.01,2.37,1.57,2.44,1.61,2.45,1.63,2.34,1.58,-0.25,2.1,1.77,2.14,1.79,2.14,1.84,2.07,1.77,2.7,3.1,2.7,2.65,3,2.75,2.7,3,2.65,2.8,3.22,2.76,2.7,3.1,2.7,2.75,3.2,2.63,2.82,3.3,2.76,2.68,3.1,2.69,2.37,1.57,2.44,1.61,2.45,1.64,2.36,1.57,0,1.95,1.9,1.97,1.94,2.01,1.98,1.93,1.91
SC0,23/11/2019,15:00,St Mirren,Ross County,2,1,H,1,1,D,E Anderson,16,7,5,5,12,13,10,4,1,4,0,0,2.05,3.25,3.75,2.1,3.3,3.4,2.1,3.25,3.4,2.11,3.68,3.54,2.1,3.5,3.4,2.05,3.5,3.5,2.15,3.68,3.75,2.09,3.4,3.39,2,1.8,2.09,1.81,2.19,1.82,2.06,1.75,-0.25,1.8,2.05,1.83,2.09,1.87,2.1,1.82,2.01,2.05,3.25,3.75,2.1,3.3,3.4,2.05,3.3,3.5,2.03,3.63,3.84,2,3.5,3.6,2.05,3.5,3.5,2.15,3.63,3.9,2.06,3.39,3.51,2,1.8,2.08,1.82,2.19,1.84,2.05,1.76,-0.25,1.77,2.1,1.75,2.19,1.83,2.2,1.77,2.08
SC0,24/11/2019,12:15,Hamilton,Rangers,1,3,A,1,2,A,S McLean,8,17,3,8,11,8,4,9,2,2,0,0,15,7,1.14,15.5,7.5,1.15,16.5,7.9,1.13,18.94,8.56,1.14,21,8,1.12,18,8,1.12,23,8.6,1.17,17.11,7.94,1.13,1.44,2.75,1.42,2.92,1.46,2.95,1.42,2.77,2.25,1.93,1.93,1.93,1.95,1.96,1.98,1.9,1.92,17,9,1.11,20,8.5,1.11,18,8.3,1.12,20.86,9.41,1.12,23,8.5,1.11,21,9.5,1.11,26,10,1.15,20.15,8.65,1.11,1.36,3.2,1.39,3.06,1.46,3.2,1.37,3,2.25,2.02,1.77,2.04,1.84,2.09,1.88,2.03,1.81
SC0,24/11/2019,15:00,St Johnstone,Aberdeen,1,1,D,0,1,A,K Clancy,4,13,2,7,13,15,3,6,3,2,2,0,3.25,3.5,2.1,3.3,3.4,2.1,3.55,3.2,2.05,3.62,3.64,2.09,3.5,3.5,2.05,3.5,3.3,2.05,3.65,3.64,2.18,3.48,3.36,2.06,2.2,1.66,2.24,1.71,2.25,1.73,2.16,1.68,0.25,2.05,1.8,2.11,1.81,2.12,1.85,2.05,1.78,3.3,3.3,2.2,3.5,3.25,2.1,3.25,3.2,2.2,3.51,3.44,2.2,3.3,3.3,2.2,3.4,3.3,2.2,3.51,3.44,2.28,3.33,3.29,2.17,2.2,1.66,2.25,1.7,2.26,1.71,2.19,1.67,0.25,1.98,1.88,2.02,1.9,2.02,1.93,1.95,1.88
SC0,26/11/2019,19:45,St Mirren,Hibernian,1,2,A,0,1,A,A Newlands,13,4,3,2,13,12,7,2,1,4,0,0,3,3.25,2.37,3,3.2,2.35,2.95,3.2,2.35,3.14,3.36,2.41,3,3.3,2.35,3.1,3.25,2.38,3.25,3.43,2.41,3.02,3.27,2.34,2,1.8,2.12,1.79,2.15,1.83,2.05,1.76,0.25,1.83,2.02,1.85,2.07,1.87,2.07,1.82,2.01,3.1,3.25,2.3,3,3.1,2.4,2.9,3.35,2.3,3.07,3.55,2.37,3,3.4,2.3,2.88,3.5,2.38,3.1,3.55,2.4,2.95,3.4,2.31,1.8,2,1.87,2.03,1.93,2.06,1.84,1.96,0.25,1.83,2.02,1.86,2.05,1.88,2.09,1.82,2
SC0,30/11/2019,15:00,Aberdeen,St Mirren,2,1,H,1,1,D,S McLean,14,12,7,6,11,9,7,3,1,2,0,0,1.53,4,6,1.53,4,6,1.5,3.85,6.4,1.52,4.08,7.75,1.5,3.9,7.5,1.53,4,6.5,1.55,4.16,7.75,1.51,3.91,6.76,2.1,1.72,2.16,1.76,2.16,1.83,2.09,1.73,-1,1.93,1.93,1.98,1.94,1.98,2.06,1.92,1.91,1.55,4,6,1.53,4,6,1.65,3.6,5.1,1.63,4.03,5.8,1.63,3.75,5.5,1.65,3.8,5.4,1.68,4.03,6,1.62,3.76,5.49,2.1,1.72,2.12,1.79,2.15,1.83,2.07,1.74,-0.75,1.85,2,1.85,2.07,1.89,2.07,1.84,2
SC0,30/11/2019,15:00,Hibernian,Kilmarnock,2,2,D,1,0,H,K Clancy,20,6,10,4,9,9,7,2,1,1,0,0,2.2,3.1,3.5,2.2,3.3,3.2,2.2,3.3,3.15,2.26,3.49,3.33,2.2,3.4,3.2,2.25,3.4,3.2,2.37,3.49,3.5,2.22,3.34,3.16,2,1.8,2.06,1.84,2.28,1.86,2.04,1.77,-0.25,1.93,1.93,1.96,1.96,1.98,1.97,1.92,1.91,2,3.4,3.7,2,3.4,3.6,1.97,3.3,3.65,2.04,3.61,3.81,2,3.5,3.6,2,3.4,3.8,2.08,3.61,3.95,2,3.43,3.64,2,1.8,2.1,1.81,2.28,1.86,2.04,1.77,-0.5,2,1.85,2.04,1.87,2.05,1.9,2,1.83
SC0,30/11/2019,15:00,Livingston,Hamilton,0,0,D,0,0,D,W Collum,8,3,3,0,14,14,6,2,0,1,0,0,1.53,3.6,7.5,1.57,3.7,6,1.55,3.75,5.9,1.56,4.22,6.49,1.57,4,5.8,1.57,4,6,1.64,4.22,7.5,1.56,3.81,6.09,2.1,1.72,2.07,1.83,2.18,1.83,2.07,1.74,-1,2.02,1.83,2.07,1.85,2.19,1.88,2.02,1.81,1.61,3.8,5.5,1.65,3.6,5.25,1.65,3.55,5.2,1.71,3.67,5.68,1.67,3.6,5.5,1.7,3.75,5,1.74,3.8,5.75,1.68,3.58,5.29,2.1,1.72,2.15,1.77,2.18,1.81,2.08,1.74,-0.75,1.95,1.9,1.96,1.96,2,1.96,1.91,1.92
SC0,30/11/2019,15:00,Motherwell,St Johnstone,4,0,H,1,0,H,E Anderson,16,11,5,3,15,7,5,4,0,1,0,0,1.95,3.5,3.8,2,3.25,3.8,1.97,3.3,3.7,1.99,3.67,3.94,1.95,3.5,3.8,2,3.5,3.7,2.02,3.67,4,1.98,3.41,3.77,2,1.8,2.03,1.87,2.16,1.87,2.02,1.8,-0.5,1.98,1.88,1.99,1.93,2.04,1.93,1.97,1.86,2,3.5,3.6,2,3.25,3.8,1.97,3.3,3.7,2.02,3.65,3.87,1.95,3.5,3.8,1.95,3.5,3.8,2.05,3.65,3.95,1.98,3.44,3.73,2,1.8,2.05,1.85,2.09,1.85,2.03,1.78,-0.5,1.98,1.88,2.02,1.9,2.02,1.91,1.98,1.86
SC0,01/12/2019,12:00,Ross County,Celtic,1,4,A,1,2,A,N Walsh,2,19,2,7,12,8,0,11,1,2,0,0,13,7.5,1.16,13.5,7.5,1.16,15,7.3,1.15,18.79,8.25,1.16,19,7.5,1.14,15,7.5,1.14,20,8.25,1.18,15.84,7.38,1.15,1.44,2.75,1.47,2.83,1.48,2.83,1.44,2.7,2.25,1.8,2.05,1.85,2.07,1.86,2.11,1.8,2.04,13,9,1.12,15.5,8,1.14,14,6.6,1.17,19.21,8.54,1.15,21,8,1.12,18,8.5,1.13,21,9,1.17,16.92,7.86,1.13,1.44,2.75,1.44,2.91,1.46,2.91,1.42,2.77,2.25,1.85,2,1.91,1.99,1.93,2.04,1.87,1.96
SC0,01/12/2019,15:00,Rangers,Hearts,5,0,H,2,0,H,D Robertson,13,2,6,1,8,13,4,3,2,3,0,0,1.2,6,15,1.2,6.25,13,1.2,6,12.5,1.2,7.28,15.99,1.18,7,15,1.18,6.5,13,1.25,7.28,16,1.19,6.38,13.64,1.57,2.37,1.59,2.48,1.62,2.48,1.57,2.37,-1.75,1.8,2.05,1.83,2.09,1.86,2.09,1.8,2.04,1.2,6.5,13,1.2,6.25,13,1.2,6.1,12.5,1.18,7.62,16.38,1.18,7,15,1.18,7,15,1.25,7.62,16.5,1.18,6.77,13.76,1.53,2.5,1.53,2.61,1.62,2.64,1.52,2.48,-2,2,1.85,2.03,1.86,2.33,1.9,2,1.83
